Full_Story_Links,Number_comments
https://mbasic.facebook.com/story.php?story_fbid=pfbid031H9HZxGVeUHxrUcfhBU8YR3mAYqcU7Hn2TZoMauVpLnP8F9wuNSscMCVtXMcuojUl&id=100018669502493&eav=AfYLnC0Bcu5gECqx354pE1WW5PNfJ2XqyJ9rOSe_nZ0qjIwTuzlcXH2OhXwM_lygbf4&__xts__%5B0%5D=12.AbrlHQqMiCGddn5jWOOX-gKW-oyfhv8_QW-5mv4r-GYK59W8vNLDIA_hFPP66TV4WBVUCXYnQipeg61dCCvAeBjcxjg73KwrYHK1wWoAsFwLV3kkUAS2tCQ1cJQtIr0YXOUeJbjN785BROXXqEHleX-vclySIqGKXF3nNmWpJAHLOPGFdWsATl1RDQy2N_JjORO8GUwtkO0wwEvKwKI1cuJbNQ6r9N7FaDIP-EA2UFYaNT9JkdAAV4ZwqxjwnYd1UwCVLCOUkjyrdYa2VWp_Qdx-f7zxC5KgeaziuIUpSpO_FBdp4GXwD9PlSHPP01f4L8NC1pAV0kF7864HO8Vy6rE8E5fcFL0Nu4Smo06GxBaDnlspEBYJ7MGOq2NdvjWQ6cJKIt3p8u9BFtnHiMBSzbuhFyDn8sYOep9YyHbxZf2qnLuXbYTz1zPU6KXsJuLimmszmIEtDfYPkV3WDkHHntfdcgx-YjkdNABnP8ST7yLXGE9VbNxGxLeyi00B7t63yxGNm9QVTg115CyhNIJjuOUSwzvE3QdbKwAStUGXphFbjEVGmLP1zD3De--EleLyqWv_S35SBGom0fezRK5TQiT3z6zwAUC82py1R027nSFxLPyu5E_LYDBdDufWpeM93Dc&__tn__=%2AW&paipv=0#footer_action_list,1
https://mbasic.facebook.com/story.php?story_fbid=pfbid0u2gA5HZZyhPSHXy88taiqUfkAFXq9fMcptZKbwjpTahPR7gagSmpVxgSP7ucrjwDl&id=100014695237115&eav=AfbaqjpjfcJJhGtvdeWY9BgGXFcB8d_Ad7ZehFQsx0900YevuVUZa2E3o1p2ZcsPt2k&__xts__%5B0%5D=12.Abp-KN0ww6avBoOBHHD099BrjERj9htOxNDufglFUYI8x0F4kekFhn10q505FeWF2ysyI2WhMT244YBa9UUWGQenr1JE_KFRuMngjEmnPXZbD8hdCNF0iuxe8fTg7N54-enifmpN6PPXMnuBLY_Et4vCFJTqZZ5fc8QJCPG46EPkDRYi8AhdAmw1JgrRl58cxTTzwj13fCAYmfreblFaoVgEp8_88S27SszrSDNbPfRkswTf1gY8qZYX-ex3qs7CpQHnEUcCjHqPOZMQ_9sG90zuuA3xrLCxU4FGbI4xrjOyFh2RW4B5OwHcaf9RII3vCiiZ5PcQCI82rr2W54l8J0vQsRfd7TvJxzkiNLYAFNa23QXAoV4ZnOZRjnGgmX0jaH2RGzY0KcUtVuLBIhA6OJRtcyHIOx3WwLCcediooaD9l02MyYkDJv6Ij3dyw8j6bp0UDh6DNzX0KjLxH2vUmUmcQU976bNFrRykrU2FdHwqUH_agw-55APoLu3_4H1muNSbzDviZCQd_1a7uIJiHFsQjDPXnQEEAow2VW4jLjBNveWKz2ZWiOpYP65ISljZAqVOXXmMM-fMTz2geHU0jrLdjHHYCqia2SLD4cECMre_oYe7q1CTGlnkizk1_LBbpYI&__tn__=%2AW&paipv=0#footer_action_list,0
https://mbasic.facebook.com/story.php?story_fbid=pfbid0cTjgDFHj6KJWKN1EVCRJt6vjQcMw11gaDqh49Et874U4WodoovipcZeepUEaXfj7l&id=100006493390001&eav=AfZCQ2T53GA0XbS8bVKT-fvGyESXJ58P8eXyuwHTbDg1uGKF5n-zzqwYnkVX1EZTkPI&__xts__%5B0%5D=12.AbqdM7I8uMj5PKNh_C9zlQ4FcGnTwWwMVwr3wzdnQzRoug-_yLEpsEjq2WLbI7tUDtQLkjPmXtlvQFLE6GSiG4CVmhDL_PH7BlzR0a9dhWMy-O8J_aiDkj82dVnDmtL6jtEcULknAt9N7jRyX5CV6rbdQR54Te-HxHMEWlI_pxE2g_7sR2xYv7siLOSq5_YQYCYmXNFmYx2OzC6U3sqUCWVt8z5u-OGv4KXSnM49McCLTM9o3hvUnue_gmDf7jHTlNGgRFQ02W0mAHw_aiNsZduoRhfjRZSmlZn68AHiBS0-rSzsYYlXo5T-zwLshf9P_2QZapzIdBOwxi1RJXmsHLvI0OZfbST7o8JB_IeZkUyagb3a6Cc2dcL4DLEeNReRC7rF2dUEL-GBLrjFPgyaHvX5jwGsmSIWF5R4MmxhE2fm29XDTd2ZHNbpsLDN1TLR6mSqFv0nMlw6eMnwUugaNA7FmOpf02s1l2G9RFaZ-b7AZBe4JJZJ0BO2rlsK2dVPxu4nXJ4K2LxR-LOuL_wqOiO55ukElL5CzNL4xML7l3RXtxg0inVBCx6aQSIyLZroa72BhSsz6n5xGq8HACR4bDG5-yjBWroytmURuu2wPtBujevQqRA25dTs5r4CDjo23qY&__tn__=%2AW&paipv=0#footer_action_list,11
https://mbasic.facebook.com/groups/477122242452067/permalink/2476286009202337/?__xts__%5B0%5D=12.AbpHDbgt4eIS8iiAft7oNpVbxv-EmKd40vV-lGCyTB9xUp03vdD6uKIjKXLeYB_LZd0Q2dJL-Q2WBL9J4mJmiO5OmNJqmhgJNGwc8tZob9MvogNMnnbHIJeWC-PnDwibH9pxfY3av7Gv8y2q-kaADTYJl_V2tEAltSNBshXk83ZERCGLCs-UE7XttAbIX7KyQV9cyRuhhzaho625dM_ZRPJk6hMxNUbAi5bObSTbnDlmuRf0OnmU6zCOGvw9UZ7yZuBB0eRaBUhlax6uQ7nhYJwD3WLJtrX7aZcP09hqpXV4yU7mVLMxSps6YNPjULWTxk_FkxVwM41fwVH81AkGIIKE9pZ31zjISF8-dyUwlzwQhMbsuKATyBmqUzPA3rSrrUe4EJ8V_j6lLV6byL8L7whDkYt5tDKIdYeOR8uFE6uI-60V1Bu9ZPeaPfhVsbrnhf0PYWX1h-7QduDYXrNtyqMZucfCYK-c-FFGMu4X4xNPfRaIxRGLw2naB3LH_rYOOjGxlkVkkF5uK8DBk-ipNrkxjJNrCMj1AGJrUasKhRKvUwl6JABeAZ-aAKMfPhRWaYMXcs_P5zxhVQeqnkZd2PhTbHsk4lMMzdjq9zw22ze9mqg5k7cC2tC6Tk_FjpulWSo&__tn__=%2AW&paipv=0&eav=AfZNvZ-wVf7inn2juVhe-qNFPvmocV_0PfBq6l_Uan1KFGG460u4SW0qq-WaWqjXjF4#footer_action_list,23
https://mbasic.facebook.com/story.php?story_fbid=pfbid036N1ZhvQtQSjWfwtL2WUmLRJ3srMDHSbcLNZRtrGoxo3JtGLA7yCifjNabgHFfXuhl&id=100011412622760&eav=AfZikeCV7Gbgp8JsIWVbbiQwiz80bZGFkoykAkamkRLRFGSz9y9V7wlMgo-QRxPjM_E&__xts__%5B0%5D=12.AboMqLF1OHgz8WBh8dzH3nTT-3lJsJdXmL3k9gA-NPi12lR1LbRGVRXla8rHJT9iM6WTkoMlCexGLz1j2O1vEjN6ly_RwJFOGfkNjI1NhYUjndA24S8Q5JiTmh8pG2Qq1tJm4N4rM79xhYF4mgAt1ZgR99G2ujmw2IdgNXaRrMtQaPZEWIKe0BSS2ablXKC5ICrP_jHJGGhVfGIyxKYPzNXsnOQUhy7jv7YvAcJbQxhSexCMvbV73d-zGjPMoD4Dqrw8GB96he2Qnd1exsnNxaZ7xiXf2LNSG53DqSGKTCNba3vTHDZNeP3sLEmnWul5KnuxYsQZwNh9NGMHLnZGJNL9XzpeMDo8n3wmew-RMaOl0mH4pOZncuY9Se5MEZHayv0E8KuqX0pLFQrdmDjmNZ7y0_9Ns2NL3ZxnmcxDKCsDomdjKN9pK0_Bn6e0Wp1KTC5lwrsR3V8bZwTtxeMGEtFPZoneWj4JiQoHHy0B17DMT1j5679qfNMgPi784z6XTFcty3Jk2qW6oCVV4Z2YXJ-GNxaN9Kl2oFeyk_vP0e-pVe9Olje-EwREc05CAZw2MaqCyarxwJ5o22y0Fw8iqD6nKvhqCzGM5CY23afWsZrCA97CfaFg6C2cFvaHro1kRIQ&__tn__=%2AW&paipv=0#footer_action_list,9
https://mbasic.facebook.com/story.php?story_fbid=pfbid02PmzCnejuEdsVQQrFDwCLyLEh2EAyr6WhdcEDumeL2yMFfaHKA3uqXzywceJj5tJcl&id=100004986887054&eav=Afbam0T_p7g_zVci45o05YNBUZX007BsQNO_oIMTJCKVdavz3QYzS9ni161ONpPI3Pc&__xts__%5B0%5D=12.Abp4DN8-s0T1EGH1FADT196VieRk7eM1NF22lDcq0qur5R-tUZKaBynSz0DIzUhB_BhxeOA2vhXUVsgABAlJ6JhW27Iu3Sla309P9_uIjeBeAqT-SwW715-MuuVwRsqEyUkyuHfPoXmVpXjbAwpcK5AUGXYHa5AIBSfLVQdZWp50usYwm1rXtLJ1x9DSE2rTsk_OSl_Oqno3o7O0Slqn6wp0JDRKd9A9JR2oTqSaAaTgIfi1VxNLfmuWXjB2ipQCt_AFsqLzF9OeD81v32-ZEmx8v8grHfA7zYRzUxghwRp2sjXwD2e2jFy5hbJIACF4MPBvFaCxJbPmrozSydmvlirnZFt-nLNVzRorWFU_4joQ5hNSXILcqEOoHrs2CBm8dnm6Ak0fXSqud1Efad4H65eLUDd1lfsewtgu-_7naT4KrgQ5hXAv7XPHRUsbY3MaCvBbWjoE4k1rAoc-O0SXJ5l38Tizn0mclaGIGDXUhDkEkF-CDNxo9G4-MCAynIJbFEDCEfwoVUhzaG6ggYdA49fkK94U5O1Q-s25zJ-_erZMr6z64PNUF6hzJ5TL1I5ZBKDkMKvW_zF5Caovz2V-iqMma_o9d08lZm4bgkCw-GVDxbaaxElIWanwSUVhX-PkW9AfzNJ3ti88wEXsbLN-tV-kaJxOXW3wLcjDdD8CLugT5P83xjR8Q-ILulMLLAaikhU&__tn__=%2AW&paipv=0#footer_action_list,23
https://mbasic.facebook.com/story.php?story_fbid=pfbid0BPiJ7h7EwcWD6r5NVRrKtpeM9CPdr69g2gxYhgqcNTzybGtNK5o8YrxDbDLfEXK8l&id=100004986887054&eav=Afby0VgvtXHwkpESg_mYurAxSHzOFQobOKC1EJcmiuNKJDk7EJl4tSZMLLX3yos1IEs&__xts__%5B0%5D=12.AbrSO9ynDTr9xAS_F_hodUP7NjwTgi8K45CznFtqoN5IvMwMh4vPHrMtGxINRsbZxkUY63eJK_GQqnPslcHGvpmQ08f_EC_ZfKC9zuo155Cp9fiP114jF6SSZs40BQprFJGa4TxPdLI2iqtL4T47PKPejyorS4XMfJEX5R0MBn38kU4niPX9jMygxqCqm9Lw6AaoDonah1ugTmD50l3kA5fUn9XzIPHngFrdKt8nYzhj9GymmPACvfpqSDnrQ7VKLXP7xlMLYtJ4Y7s57nJh8_P3RjFY7HZFF5No0eSaYPcQisXPj2SMdv3c0H7p539z7gRx8NL0_t7dGKp0-jn1VRWBqQ60KZz4yLP5dCG17Kra7jOWGDYVDoFtLSpUfEFVdfSVXQI1MLOJDR3FFcphtR3cHiwXMAIDP-HuGQZrCxhc7BqJGRRYvEE5gJ02IAQL7U1Kr-fSwtNx3UhrIfSC7BPDG0cQIa7n-PhDLnGrkI2hCbSDjwfLjq8RWsS4s37lYYTYZJRs_OHaqNBk_wJRgPAKTeCEPRXQCHGvPMe1zQps6fT4aI-wgDtNVQpvZOI7IX0iIY2YuUGA-H4E8rolTgFbG3ABD6lL61bWVLNdeYQkeWOZxJbCDnLT6dhrT5INbMU&__tn__=%2AW&paipv=0#footer_action_list,1
https://mbasic.facebook.com/groups/488994701899786/permalink/1475831643216082/?__xts__%5B0%5D=12.AbqkrMmb3gY9-r2rtQ7ZTePvXStmNFKY9ggthlfyO_SXNdkgZ-uERDWZIicwRCSTC3lypgRqYAeKfLiGNXvGdH4jNU0XLqSoMD0SdUr-TvwVgjuisBgOFgCk6Nm8BVJKCb5wf8ldIfgJYSDUuof3eA-Q9QFH1Uwso-7Ye3-wbRrEwtg8QFHJ0zLv3aj2ouNUfekDquKjJn4oBZFwiGNbTXFsH8PvtePNcjhncLZ5idnRoHWuZ385KKvka6DmEFW_Kw9SQFTeFWYFtRgLxTxH0JwL09jT_Y1CaXTsEhnQptIYpq00ZCPbuPwzJhUVqmipiMjzZDbtkbQqsJuzCJGVzPJQ2u3PVJ8YySBokFATDFMg_A_eYouGlLoErudhqbAioQ9hLnotqFx76tNS-Dg8ZnAHlhb9pUNnYwdfa7Jjf85NWxJ8k8mNiNIZ3_Ljqthl4nr4quiNzQqw07rlg42iLngC2UqHU1FhuQQyIQp9vFvoft8I633lJ8a3fefFTca010j_jHNXnBSAcO2a7h3vmSgOBz2K7Su-veAPysLZBFl6evDZr6Sg6Kcv7PNfD3x946Rg9sghnhxxCu9XiZdf-LYYqwAuSJLlgJV5uVcLRYbURjvL-gProZ7x2WRgz2dTFmg&__tn__=%2AW&paipv=0&eav=AfYIjC3dTlVOyvqGwb0ixRlh0fhk3n50nubOL5LSLLpH6rtIb8ef8tg4uAAEN2rqqhk#footer_action_list,1
https://mbasic.facebook.com/story.php?story_fbid=pfbid0bpiPSYS8Nr9h9ZFuh9iYk3r6AUyuH3wAZJVzUv5YaexNw45CjdT9yJX7SNL9z96dl&id=100004986887054&eav=AfZ-aiUge2J9HVTbPbm5CyaNFLaBVPC6dUjOckwakANu7de06tMOTfXxUguSMJnCFLM&__xts__%5B0%5D=12.AbqRfqNBmOCrA9QH6kagDPz0-MnRIaNaErx_IAFZ3Q2p-iQf80MuBUw5zfyy6PGC2I8esfJu1KAVcgn9BOfrFJm-NpZAWfi_jKfNcbb3Q33wAazPS4KFWkEawodOkt81RzsrAd8LZh1uOLnKnFWj310eY-MibmmYL4_cRI4a2LieNYtgWQqYnbRozM1X4p_0URMs1kX6zCMHNZzHTA5lHGDgVIRyPkOdJs0D0qTWJcbgbCDKIsJd74aoJTXI3K29KNeU3bTYkG_MhTkvJST92cpnmdlptKok7sejoUPbabo7AJPEyN6LYpahs691p8ZdxcDFLReF9cQjOIwinJaECupFmUMrixguZvFGGuQeBW0OqX63jKlhIAPXKnIRfGI6y5AyXONzm2Y7AddVhhAJJxQH-r5cU-8TnHfsfzZgNb711CN8GowYmqvQdsvXCE5Ov9GWpAbRcOifmi_lmyv0XOa-RJcsyoBBB0EBTwF0fIJP88r3_nSb3kK3yrsjxLj4721IMtwloDqWHv311sngsn-cQrNklUzwm3Evfd6vzoDEaMjR4s0PCx7cb5RfX2pX0Qx4OVJ4feHIH7iY-oTj709lVqVLZ5i4jYSQ-hymIlUg7S1xhAKWyyR4xceToJgqemo&__tn__=%2AW&paipv=0#footer_action_list,35
https://mbasic.facebook.com/story.php?story_fbid=pfbid0CvVzLTi1hqSLYCShGwDfmkBRZhqHQYYQrBJA1ijqhohyYtZzJiT5StN7CGR7aq5Nl&id=100090517841736&eav=AfYkkmYBb6BtwIhTbjguTnD8UgZdv6qPtUYhWmXVYPhlhxbon4GRJjr4PlfM1RdWtek&__xts__%5B0%5D=12.Abr3Mz2hH9wRISjfYeh3-e2OxtNy869M_DGnBIr1ZIK9jZOWe5PoNDPKd_twNEfYzq_uhhOi6CyWwCr_wH-MVp9YpUBVs8EHlwWKKzTULIkQiKwFT5n1g49yzr5C4eiBKu4UYsrWdl8YyadhhYnZyC4S-_2GvwfllLbZR7gyg0vePQSIEIwcb5I6iYFdgoWpixu4_179mE1i8911gNNxEwBUXxpwiWxWHg78kPbu9UvX6QmqFs9m0tVP-qtw3JThk8q7ae8ymQ5wgWjqVMxInxf26AQ_mcQRkv9hMoKr_lPfVq8l5uhaUg6Aoq4cT72Itl0iRjh9yPp87BwS78XTOgshbqdgcTZfHxlbdS2UiZIDJ3pVcbHTFc70wYbs1EeXnFw4ADJ5lxx2msRW5GW9bKU8km-ny0NJQe90LGs1a4cPp0V2P86lFsm5Q4eCKs137flTOiJA2WWMFKMgL6g7yr4u39Fj9lbIH-TeDRRtp2IgY0KJm4kbGJzRKwt8b24MOOtW8FdYrfvqhKArUo-h5TGGBP6NWLELpb_tIX7qS7U2z0pLKGo0vWuU_KG4DH2IJcINqSAIpKpmLCNVO2F16j63kj7KDacC6awUrMxjAOPU60bOFsWwWTPb7LJPevrpgus&__tn__=%2AW&paipv=0#footer_action_list,0
https://mbasic.facebook.com/groups/1432153594286890/permalink/1466396687529247/?__xts__%5B0%5D=12.AbracpVIRZQhbxCCP_lHg7-T7az3LLW7U2OLAFKpdIbM73mMApAclDirmsDszekjV8MDLy9-XZMuPg4l7vuQgkBEdm2OtzLlw3UcZ7nIKwh8r7QhrMNlOMy1m7ZY7eafkb-Zor5YIMhDHdZ9_jrzn6cS0OHhN34DgHhTrP2RNqDhjbma-9AqWWVis4p648HEfUhHN9KL-DZPpMPBHCByoB5EumqhUgopTwXmb4DJ3OzHuUUPr92b64rJzmcCK2mboy6tA-FJZ7a0-mrrnl-XlOyFaheUCPvoPz9GB2inp7gL-s-vtKTFBBx-j_TzrwPyP2T4k1VndRDV-3gpoNIczSdof_D_BMnFqgPOyHqfT0X7U5XtmZ3kUQP9Kxb4Jl4JUXgEYfwoyzH7lFKFPkgvpzYpfHu5WfyKTRu2iH_NVfjKUNwV4CImHOnVrC4HXPT1Xgcs2C8hqWI8I2gsu0JbCpGJ13KU6C2DrK1WvdnIgKwziRDMWgCO_P_yCEJ0fADK_8MtxvMJeAZQYzG9YbO-haepqjo39qWK88g3bc5KkR48x4TFvIXBB3Q1F9YkQ0FJlmjkj1c7b4LYdBh6vpMQP2_YhoHbFCsccAaky_cV6OL77UC_NrnBCwAXkVX6JDQ3rfU&__tn__=%2AW&paipv=0&eav=AfbSCcNScI0k_p3b8RLw2eYPmV8LHKKmpzm92k3KCr1giYkF3-VsUp4MEX12JbOXf8E#footer_action_list,1
https://mbasic.facebook.com/story.php?story_fbid=pfbid0VAYhquh3fPAz6WcsL7Ruk7r23W5ecUTnMY3hZpSC65fmRvpk29RSMoPevuiRs69jl&id=100018421207574&eav=AfYAJZaZWR5aXv8q9wLzKNGUX0TWFSDX6WzMrc41t87vlbdjCam4iGJWnzdcwtrVYAI&__xts__%5B0%5D=12.AbqFzKDf8wgSwwziHphS58YHH1cEpCs4oEL4bKWmYUmW0p2d0S2WHZbRdDFzcORClCiFG8lhtYnNtmWeXMfSn8iOW-HhagW-56SVq4H0BtBagxnGqA4QedbN4jdnpIepKluf4AORSx_HusvvOdKh9mySv2t02Omwfe8PAfsDkcvoP1_XsV5flRrM_T_kJfnbpgjR7gOrbDLEro9fILuf-_i60gRGhJCrmlaNTItj9-WhhBtP3KaUu6Psx_bq1Kv8ug_oVwEQN3Y01M85ZTjSCPibmU2CyO31snDfHrZsUfxwSDyNfqQHhelU2q5VbYRqCC6rSO5MAjGgAsJJynJp0VuxsBKzwwZ0deAiKKBJYRTpu02KQI1qpw2ieQR5SvEKa7Wj5MEcluPuOyPkZ27OgaQhzOYp-qxWDhnf2gnM-4MutM9YBTnQo7LYzl3TDozOrMtKWf6NsnHnOmGrKUKOYr7Y2WHchOcBYCG8GWPxFUUjmbb_BUy2LRqJlhPacJ-6VLGBhH4RuG_oxf68bdjbgyxTRqx1FurqBXc1eYZi-WOtfJCLOESTszbCvAWuTnRsxBP6N_z3647wzALH4fRaDbDNskl2xIfjPFzuEll9aR1L5II86wKhd90Pvr7kIpjCj9g&__tn__=%2AW&paipv=0#footer_action_list,4
https://mbasic.facebook.com/story.php?story_fbid=pfbid02iikRkTVKirL2JBfcRL1QrMs9ftwMmHQ9QMhzyFbtYXUQBMpJJqfyahuFipfDLtY5l&id=100041507749077&eav=AfbHWYx-grMNM1kep20O6m0mTp-5h5U0BnAg3-4zOcL4bMmuNyOzB-qYon3qjNzla5A&__xts__%5B0%5D=12.Abqur0-1VFbPgBeMrtiPNn9iEllWTpNmbgZyDBgRLEyEprnAWR_2wgeDOuebU8Awmgxk1EO3H6PeM3pfaRelQCBboF5l7Op4wDYe4wCSlrubKuEMEggLbU2FVuZmLJmmWombqTKk8sS7V7gxyg8M5uS2Z_WXWLOZRAgC9P4bClPGus9ACpmWoID2-Is3upDzfZ_UD0ybrVszQifYWm9ZAn8XNne3AZk7HIq2mOQ4gCjPsGxDAmXv5RmJgYNZRcrTAqGyl_Udxpw-BrLDX2KYEvej4pnJo6ndE4S-jM0n12iZ66XvSTwc4Kp-uvEACRrfM9xjlO4pE4gEa5DZ3_aZhfoLr7i0V1iorszEEMXCo4HE14i_QMYVZeEpA0hOP7DCDLRZntqVJ0Q8jK-dGcjPoTf3U97x21sXfWk91Cu3gNt-G743bNeK_Mtt1JRJig4Cbt-DZ_LRjnNM7Ht9vYeVoUVAazjjdtATEP_5mqpCc1RZXvm_YKCg2Q6Jz9HZPVtQ4jJ1dFPkbyymgRSJZ3Ma9P3WIki7DUK6ML3rCa6NhPFXtLB_CKshg-bhfndfb2tucGKoeBnApn3wj9KnPqXEvJuSYUQhURSi47iRFNp4Xewm3MP-_D6TebTnVsxBfATJ6Ns&__tn__=%2AW&paipv=0#footer_action_list,0
https://mbasic.facebook.com/story.php?story_fbid=pfbid0Q9wSCcLmGZUJ3TB5RCHm96KmzpvJAuLVaEzW92Lcyhych2BykXucH9SAx1mKhbbEl&id=100064780746995&eav=Afbw6rtj9DeGS9h0vmzCaLb8cAPuGcyqkLiWEPw6KzfMLg-Pj_1EBmCKEcnA_EGI0y8&__xts__%5B0%5D=12.Abo1dS79CBjMRqtowswA_4Qj5KKR0MW0sa1bvjTJcx3nApkHoYCJBAV_6E90UAVchGcfoCr_0a1538q0_KMmdzqGHjDOr42oDz6bxp8rmsNFyH7VsEkLysu2n2J3sCjYlCccxcXrDTz5uLAq1Msc7CexV2XJ3qiJyzZgvrIQBA-heECKnbFr0rPQ6N9Y1TayJ0m3218s66SzL5RgqY2UppszYZJEDjQPzRgAJgFF_laYPns6Iyv50pEKQmxyjOgZbSFmljP7T-d816A1qvDCvTAEnRC09vhgkrqTku9fkFMRKZs6t57Xg4D2flWoXGj56js1eZ3ltr5uyjm2c-hbGyhd4LFUcJDqMKxIeLbGj73xsSmpqUAUVYN5igtxaO6rROxpYEsc2whe9426VW0mIxzxGRBxGSrS2ffLQXQ4_Abj_rK0n_rURkvvf_mfatPDG_UJf_-EciI1jE9iEgJThshcdIunTjMvGMGswGsnMGG_Z3DxpHma-Mn9zyocQhfNKE9zUE5rZtJvABGUkupuF-SDrZAMyJNjsK6HcTO8ho-JX03zF3VKWeaJlLMkKf_pfb-ypO7157H4Zf74FSDFUvtxjigfQkrb3cWy0wJcpOLfTh4G9OwDeNetcwGZoEkHCLo&__tn__=%2AW&paipv=0#footer_action_list,35
https://mbasic.facebook.com/story.php?story_fbid=pfbid02C9qGjam8QjocHNf3VLaRhw77FX9DighdQqHoBnkiMpXSmGSYHFLTzfp9btK9qfR2l&id=100018669502493&eav=AfbAwa-RsVebTU9cM-dfCvGdLf2yzFzh5ZdJrQepune-GTffi1dB86pkXjtf0dK-oIY&__xts__%5B0%5D=12.AbqFK6mlM5vVHNkXIvK4fdOdnLfSd6Qis8ijaj7jlhvToCbAaDeMyf6DxnCQ-jubSXCY58WjTAz63OcTIHqWkl3I3pzDrn_DKIYauEwCUMTX_oyntWdxMW2Z7jW2A5qIj4O3LWst1K1HbPPGRk6h_q-rUftx3kO7iW8h6EJjskotszHZtjZH8m6GsKQMrHrTLZ6u2bLIYjlR6RDHlid7na7Hg3FudCTHkJlndUW33u8BOc7DstMgHP7zSKJTE3AH8QindR1zVcNvbqDQbp8N6__Ep_K-JWJ4dm11QKpjdrmW4rDYb4lIzZGj0JUdyhYSAfA6rJlijyPCkjxJA-wlV-Nwd5cZ5OHHn3BgNSQAoPLFQ98GTiDIHL3OgpSfK5wVoXkWSWPkNvduuYBYPiPZKMAO9ikzc2QPRmvgyMxBD7LfdMm3ywI0RhzZbQCpL8b30yTgH0TnhwbD0SY6RVGZRK_JutvQeOBe2PEXBg7IZMteQFeZ6Ung-D5QKbgXEksNRKJI_DTLLLBwL-CXJLgTXVy5XvjFwMtyCd0knW3bX36TcdiLGd-qVAidLJTz72ad8U5x_05MaZpIODsm2B2BVOV6hP--dW_ifQnreZrbhFkeCrvs_Ick1ucZZKu_u-OAC60&__tn__=%2AW&paipv=0#footer_action_list,2
https://mbasic.facebook.com/story.php?story_fbid=pfbid02VX5ULngWmJsbYMoqkbHcYmPkjJU58voRCRYV1jS7XuhavjgNB7C6Xj6nMDvNr7oMl&id=100018669502493&eav=AfaP3KewIsCmw9N7nGFjGuSPCjztlYyYgduJ8Btu-YLffZ7BG0ka8bK1krFya73hta0&__xts__%5B0%5D=12.AbopudM0fnvErRuRvuTEWT7Nz3TaDjkDUeg_l0MbK3LtRon4f4RiHq3_TmlSpse0mLoIeXI444SzcqWxftlgnt8NQ8QCYVd3XSNFstdjiCvKqEPuY3p1MgzEZsHncMTJs5wGwRoI12-kuF5FZFq-ZfsHf5em5IreGTGMuxFZVHz5cPtd5EH9fbzmkCNvKZmCD_e7ISXmEOrbyrJSDlj3FMyK_YxkQ-02iTiIaGtOoXbbczILyVA5eFuXlwtHe3-usKLq5lHZ8Z0KzwImxPynS9hLyaxsxksZ-XuAt1BS3rRS6unJFJ-2RX2znaDnQj2LDdG4n0Mq0_QWjUlyqMbRVRU9z4GTYQZ_EdA65N3DRES0yyqrAIfWnvO97rwePqyUtNe7JMZxdJ1OZWaKxjSgRrfMSVyGVVY9p_mawQufF0Jfl5oOnA6KTl91ipbpU1-L1p9fxPiwUsnbWP1WroI6mcXMFWXOZeeeScdSzaRIe3vDhwHNMmUGvDaOrLrVNMyhcvz2OhBc0Fw5VaRn1GzpRAuITDpwzGAKl15pw4LIT5XpIHUTM7IZ1gZXdr0Xstswh8Om7Uq7s_wfBQAPcMUWnXiGgNtPGTkltWrWmOJi6EqVKKZpRvcV14X8GIM17v_3hgw&__tn__=%2AW&paipv=0#footer_action_list,2
https://mbasic.facebook.com/story.php?story_fbid=300862229189912&id=100040251161738&eav=AfY4llUMGQgWfFU7IODwUbmT4ugrfLSdo7x9lOqYCqJWYpF5t8nFO2R-IOK3FSXNsxs&__xts__%5B0%5D=12.AbrCzdm1Xxwij76TOWA3EvZmEFKAirCgI-UDGKXWCKcEah0Bu0U9hzeOvG2C8vlNCg2mTIiDXARi_D7cSY5dYr2rywi9KxjfHVcnVSaK6stvTN0SNhhL9Lbvn_5-CXloXQux85wmf7fkUpnZSfKQsCk6wdBI_GXWqPySJBtukLAyzI79KuteCjGV0jygUM7X5QD3ZnPrGp5Ryd7vlipWZKdCBRYdU4OlPD2d2wStX4EEzk3GKEN0B5oPXnPOKc4o-_BXb2FfI5Cson8IWHRpYj1hBtXSAoRrVr22p4VfPnsUp34_rI0xOAU6WnU_g7QnIbBPugv4tOoV-ZJOcUIwJMJ7d8tjTqWRDFEUiNxDMSqhHfEvYXlh396_kDhiyohrK5NnXL4A_dArs08mPvBmKgeNZ6OBVJxwagpWAkZDnQy2cQn1d3QmfIpXU4w6OLW3UPKXlzxAKS3GTvEYVCKT01h7UlvK-NSg1b18AddCjPQgaRKeQcwkXSFIFgaNe4RwAGOquy_9b4XyAFUqWod3DhSBinqA53-2HJu7JPS-F7rns0UtpUkd1r7XE-maR3Lsr0-NUmVZ-HCP_MSSlLJNKZ_gbft3_IHLSnAKMYbzdUeWAoIIbJoj5uIqzhDElTW-anIpsfIhMd2yVS467vHJI7fe0fcFo8erBaAIoVVfCIYGC4ynp1vH9zEYvByxl0lBwi0&__tn__=%2AW&paipv=0#footer_action_list,19
https://mbasic.facebook.com/story.php?story_fbid=pfbid028sonewXH3nqXDnX449GFJU18JbNfrqadXw96Qqi7qh4xyrqqJDJo76f7nT6LJCY8l&id=100001419311903&eav=AfYtC9nLoGlSwmGV78xC40md52aoJbVAG9y15wEagwfgTUEx5UuFW3-RxHRtuCHORL0&__xts__%5B0%5D=12.AbqiL3v369vXQqyTJQvjxfvnBikWGK99khHe-jDs964bhu3rcXDwLy3UGE2-dnRmmCQr_10jYzxg3-2nAQ4zZ1QP17_o6sHnIKTJL2jDMpRSP98TS3PqKJ3Zr7agk86NC2xPsQlgnQYfuJWChZH04Jylpn2OEzKmAO64xGibapJSEaBfNxqEdJgb1twYFcN5ma8XwNMJQqgAyAuRM79c7-Phyq0sLjIyjb2MFU-o1kRwQnLWPzcRgBNTP5bFeeQ1LpEhbwoDUPR5_DB0TfIsISloIZZVGKVSrQiXgrwXZo2plhJ4g5Bt2Ce6NN4tQRQHdtuubu5afgU9cNp7Nz7dHsRqhKyqn7G0tERhgNelV6dGtsL82f6kboDxVoExpOEd4D5CvDFp1vaNXCv0pZgpUBeYD53EzdXB_mbowXMrV3OxrzBaBRatTXopKjwVldxEQfbf1f61cSg4Pu0crOEyIAm7gvxvto7IPt9JM73L0PqWRCQTbxu8zQH_SX7dqzIP0gJVT6yfWz7R25paeOdjzfvSgx3rKIN7LY_9Lit98yIqId8pJaP4hg13RICWmoERWn57FIiquyMY2n2YP29BErvzPxhUO9MZsaKAa9sZ7McahhhZIITIfdWXrTUkDwtFq0Y&__tn__=%2AW&paipv=0#footer_action_list,0
https://mbasic.facebook.com/story.php?story_fbid=pfbid02QQ2TgJARkvyiGiNnoPouQyZg6CUuHawVGFSJVrwFay6Z8pxyPefHzF8mVUGUY7tVl&id=100033816450356&eav=AfabfURUXg9p79OVSr0pB5iKoYBKrUzRfPTEPwVvRhLOF3GtzkyxH2muDSZ6KD-j048&__xts__%5B0%5D=12.AbqFJdmPpjkZgasgn5wRhdewdAdIfGHNkggaqU2TZkY5mtmjQy48l-0-Ubg15lHXGYnHImd1P6nv8idLYh__ir4kV9VkXmSJdPsyJvVxlkftYR9Rr8Wu0gZvaGqCHTvG3GnYvuokHRd1bcqvAodwCIk7FkC1Xy3GAeR9djLfbzRYpRqB5jZ4Y4xRLVgvTdAti-wBtqiY2znX0vujyoIxzpuW79IWD5qu6n-XAjaz6-z5QC3eoAyUA9yyJSWU56WjG-gOdTj81EqHD41eLxWOCPZ3hkZt30l4cRKEJeJpEw3D4wznWxoqnnWLcElO3tr_8R8IaAPPOF5idOLXOldHIqs62qYmLipsq9niG-58DpO7wK6CBkf7taXg1xIWMix9It8tWVD-m2upwmBJy6jCJtepiGqHp8NO6IH9sja47cmvwR8WKILqMt38CPdX606PwytPThHP18hP8R-VtQpBaQiJQDCCNWSNmU_sh_8TZrVeJU2LbEWIHrkYYtRKTIs1RGObTTF7syXvTaW4wCOcNtc8AfDW2Oq9Hy-8DdCkqehAVZM28C_oc5f7goSwslvNbFMST9RebRJbaI3gUcZICqOX3Fb9wZpBgH3QJuRoTLZ9_KuxyNDCJ9Itz3ivu-X_wonxzKpAdUT0Asu-x-_ZtH2yxY2rm1shcA4999svdCdhcF00UBamW0tabesBMXccJM4&__tn__=%2AW&paipv=0#footer_action_list,8
https://mbasic.facebook.com/story.php?story_fbid=pfbid02Pk8XHCujTMQXgh7xAX6STP8xjzKxCWosReEi9uBtj9F8LAdRY9aX9nZjqH2EFrYhl&id=100004973504348&eav=Afaq4TX08ie5P0ddN37iAbdxQC7tlw9wd3hny5tZZ__A6b4Rp7anVTxPTiWkF5ad9zY&__xts__%5B0%5D=12.Abozq4TdwTZBCe1vCzMQ2d-yqtP8tc6C816BbD6Kt-LbQHuPgggs0FYKpem91afgPhP6wLpyYcvzSWpta70sYRuANHkPx8I1zIL3oGHUWhEfx8HbmairpweHHP1SPi9Nr5MQMrXSq2IiCeOztPYvvY6XVv-eK1mHainq8WRX47zKaLpXkLEbGJ_bDD5GorhJDboow1rXXqIHhAEOpQPoe3F0Ea-EsjjI6JpCrI6kx68By_NJpbCmVpWI5wiXbqSnJ5pxYilJ0PssasSlR1YQGwWKADxrI12WxN7FuGEMpEGFglrlTocnKwGvEy8APQXDnQjGCE4XVZKuQx0lQt8Ifc4bgGQ8KyCALwY12C8JdSzwyVDG68g59zoaLRe3QGJDId3KjvlOwkx2NLL6_MwDLtSbEvNVuTUd9ZY1zPkYA7aFMopBLJkKQcDPi5leMO-Iatb7BYPYK7CdALyGOX9nH3YIcbF_mytTlF5D_LN-IYc10VxeHS6GMA_SnxqqYTJoI7mDv5HHAGGrtcUK7YVb_Yh6xZdOoAPg7KAwckzc23O3AERWNcBAckzaRuQasJGN8puVrhybDLnU85RGzC-Lf6Ju4LKILepLtj8_Da870g5XV1jTvBQCszEu1H46hs2NnI5jRWiegO-EBdxt-1eqkG-6OsUCbQ8tfPAyPG7OenPtZv33yHpT2f0CXXOEW31ZNpU&__tn__=%2AW&paipv=0#footer_action_list,0
https://mbasic.facebook.com/story.php?story_fbid=pfbid0gHS3sRm7qx91XdvX4G92CoqSkr1MCPkFeyYpxTfngLnNbQiEPDRNt1548zwdfdZVl&id=100081251026604&eav=AfYlSDvjsdHpVVdOsaKTt1uS2vH3BPo1tlt8UioWiSsinNRFiYMFzXCiwMy_VsDCAGY&__xts__%5B0%5D=12.AboijkRrDsGf51G5HleWPD5BBgp6ToI3wTG9gXg4GPZK67cMTdglSzZ9IJCveTKQyDgJv6uuUtbg4bm6-u5M0Nw2inD5Wlok7T3F-WrHkGMZ2zHlblLTuHMgigg3Eec-PeznTjzKaVkCmHBwTlBHqdF_qod0cgDRsDUEMnAJl3_2ynXdp9zBSUcrC3KR4U8T4nMrfhbdJ7UUP_HOshe88TxzH5eGhje0uMX4l_mrHr_AM5vsIrnX78K39y5D28AEAceWwNoYcAUyOyvhLcMGiaKoSZCJyRszzGTv8YZSqxFQt1b1FyJ5rk8t1bmMCArFDUN9f73G7mc4tynXoVC6_Diy2e4N0OgRjBopsuLeMcCVJwq8gTqGdm-FtdPfDeocoXf2XRsvCyOQK6UcIYXSFf0O84Yt8SuI14-riIAMZCiAt1kkmeO74630QYwwIEOC3PSX93yLnaZ18I6KMCEtwsag-PH1OnoNrF_wwJpW1-KB9LXV8xVvanquTHNPFvnfkVQfoC6RJVxdAJue1l_EDL_rMLRywGv1OAO86XkTqduadxAFs3jzOF9Uq3lsZVwkr1-DEqKHUTlgULsOPuU8P8XD5OGXBHvHdwl9q6TxPQLEo2IM7XjyMA0YMoPWydC2XZ8&__tn__=%2AW&paipv=0#footer_action_list,0
https://mbasic.facebook.com/story.php?story_fbid=pfbid02cJEX1A6547PnHVzd3wcx47zBn7qbkcLW45p6GYtLNQB2wchxm44MGhJMaJic1jzdl&id=100004021468651&eav=AfYHNc7vT39VAOlCDagVE50r99iEhydBzdrAJJdaj6Bklf1QgJr2fpCV3LpjYyrev9A&__xts__%5B0%5D=12.Abo90VbnHVC2whPudagrnteEzmmojpkvcNgIhunQtXxKQF0dSYsCggfFsh8chpLVi0XsJVO6eZ32HchzO1cw9kS7RFn5-c-zOpnXz2oKyWDutoblZFJstkTXfkGDzJzWmp5ZOFVDbafyQSHnbxBmtC3XcbsWrPL11k4qrJbtf2z7BJyrJW5aI8zzCBm1IlwNUgbTJPEXp9JxzZDOyIVgw7bR0jDGGTJ-xVzW-Jx_07BwK7RiuTHFdeo4DkuaMFCNPI9dzz55aHGGZ3Q1KY4E8gj8ADxJiEm3AAqIYhYX4DtXC5Odc9NJWz43dq-JB3z4T9HOQ7H1ovXU4GcDtNfB1PhT70QWuvyUhsFWTyYbysEhm1OKj7PhecBoIxKYhoTAEbtmB000EQ3dkVjbXWm9deZTz0EhELOs-jYdI25CO0tVSIgmoMuml2GvutCjyydetPJPaxt4SVAYUU18QDICvkOLcBGpA3sE-EgqMAw4azcyOQwW-G7IDdzo2pCllKrbTD2s9RVUx55oLMDNkYoq1ixR6vesFf7vfr6qFskXCiq1b6otLqydsMngX6htkgdNcGWP2cN447fh36LIoJZfp9PcGDhZAGBQ3sYof-kZT717rKppJfEKFCHpdu-yOZxYF80&__tn__=%2AW&paipv=0#footer_action_list,11
https://mbasic.facebook.com/story.php?story_fbid=pfbid0sr6K7FECoQaGXRm7h4VZDNCjRwQCd7hhxH2VkSUnf9WpJaCfVJJ7s7MTaGYuUcHKl&id=100064780746995&eav=Afa81tc6ExmDsY6ZgZozlXWZCwXq6WHdk2QnkRSvwz5mrj92b-yWjhUDAvqPvt4sSYQ&__xts__%5B0%5D=12.AbpPe-JUDPnfsZb1UefX0c_v82ivhaKW7iBIT5ruragZt--Le4q3uDtbFnsg5GeuZwBIYTbQkZVtBVAlLiSORjPQC9ds8c8DsX6jQ4vAqnP1Oa-tHYOqZR74yvhoikZlVDmT7CftbDX5affZ8iG53wli6TyNOPcGmhvNjLjtc_yGHbgTAp4EkZRFMC7EMPpO-g4wHWXELwxgP26E3SPtcy3AfuX4ItpigqXIgQPPGCtAIKVB1Pym0EEiTKaY_tQJM_2pMU8eMc21apIoZJpfpUh23ArNgqLjLSkslepMK9u3Am-d8xteB8pf_GKFb9Ze0S2-pNbrgkprWIE8BbAAD_sJ200z3bczlK-YgLyC0iRxWmd2MWEfc3WuPIvQdyrX7Pe-0w-7sf1cx44VTZLCBpshZzdy2a7LjCwCH5ihG0VC0B6YibOxZxGAJDB44kiew_TyuGbHw_ljVMZoMtvjZjvGlmHlsHk_6ubwLQFLl8RdUXDRm3_N1A6urpobL1EbzbOlG0zkLtxuA74iOQJ2h6uwR3ePKzhqlP_lNlaaHfdbSwB3mGbQew9dUeDSlJQwrwyGiHeoq-223CmoV-K2OZbbNhX9ZPZnFZZwT_phGfSyMrzcDuLwv5v1FByWQhKJvfU&__tn__=%2AW&paipv=0#footer_action_list,7
https://mbasic.facebook.com/story.php?story_fbid=pfbid028qqmmHwLLdcKHGZKHqSnoLsb8tj1ZDfTeWZk4L3or4bqNzLNLQbMi7V7863SyG3al&id=100003593600715&eav=AfaekXiiWZTHTJ7QQDo5gQgDCb8s-olpJmfZj-iviXNamkidl8gYDCqc1FBfpM6PIBo&__xts__%5B0%5D=12.AbosywjNhEM_i_HqdjuozhI6HHdN_Ewo9HAbrLe5L3cyF9NLi3AuLtuNHIzKFaElCaL0U7db4Iy_mWMPTWTO1RdbXRvtcn6LB9sYTn2X4B6PAa3nR6qKdy5l5RfICfYx8ieock7S2Xd4H3W1FAYWjps4gIPQuK5Wz5alJSspRLYHkRq_6bXbFXDOpw5Xa0MdcpgPgqdGn9lv6eZuH8RBjFtizsGLxiERyGRdy9RfR6xDraPHPSxia5hfLwLbGcIvPHLOB7pB4xvU7OqdUfvcCBr6vHZ8IQypB-l2rmgtram_lu2ZR7a4wr0oC17ljEYqr2PMkkFBy8pGUVCFStRdrivqwa4mPM1kyzQPhkBVh1Rh_a28gWKzskcRiTObsADDRBUJk3vLIAw1tu42g0hgPwpCSNSgVUoP9CwbEw0QmI-N4dmkTFJnbo8jDYORb2mgN1aWxUsNpdnMcXaRaxuiny0JLWSp_rdIQE5cq3DckTY5jPRdduqqk3byCRuMSHIRG9llRZPM5mrxku9g6kxj4wIdqrpKUP4WDT8LGIkJPac6Qs6mF5-mLqThKc11oWPAGdNRu40Hc262yLECEsIIo8vUwBNagLbxL7CznSuN3zxnUI9mzFk_8ZxH1Eng6__KJWI65bAr19hvA1XIwaU4-9l7H0k6z_cAJ7gS_zbYFiGhFbt4Ce7CTqV2rNhd_4OxmVs&__tn__=%2AW&paipv=0#footer_action_list,6
https://mbasic.facebook.com/story.php?story_fbid=pfbid03DCHGLRb1rgrPM97ZtCQL9uCAK6G28sVbm4xiDaDE3ezrDKFpduh6gawnsaq2RRLl&id=100068844013004&eav=Afa5c9L3sbzkqx6gnxE6KqkWCXW7XUZJdkb2XoQwa7gQtsoGOhncWY7-Tc7-s8K5UsA&__xts__%5B0%5D=12.Abr3R0aJqj4BBzyp5kebz2j77TqeKQ-p34eKoU7mfgkHbqD_na3yupdyB5UZhs8GJqDzbrSyxTGD1OuWECQFZBcRNWII2DPxlAPVDhoQAfg1vmxBAIuRLl0g7BmMkQoydns3fPJJQFdm5oCFJ0Ka5M4NuC0GnouJ2sBPVrrXWpEQZ5a_lkoxVLmHkGINksRvgqRJwe08r8NYNcFXIXYScEkldOQ6tvK7cJxkHGt2kFq9m0mV1L55yK4tfQeL40GBL4IWiLFwqTt4oft-m2P4pxshlIn0y8uWlLLXD6OD3hBETPQTL9vu96l2uus6O-DGtsFxbb9GnDsfNKs0K-ZDMWSKQTZf84bmxjRUKd-QCG5KiJRCfTEDxgD3IGxrX827kFk4g6EUlQAk74lCDyK1xPTaJZuUywy0WcGHFNaOt3DEj0XGtCjiH_SXjWI9uLnePEG34SDDnW0Mbjx71-x5G1N2PWw6gEA93HhToC2rVsWFjMhnsu0eWNGofOGQI6wdmvMPhcnaz5yYQRYl0W3PzO8iUAnq1ow03YMZj8oUpdIUx-FPzkIRhzCav3ZlZgYoSu3VbSlScQIxZyE4VUdxDO25QG1vgYRi9E5HY7q1qU9yC08EeehhniR1IysYtssv200&__tn__=%2AW&paipv=0#footer_action_list,0
https://mbasic.facebook.com/story.php?story_fbid=pfbid0gjbCB6938ZxMFA61vRjESVTg4aKq35Jsw9T4PNSSRNdyVQAZqz3bwbzaiC9YZSal&id=100004986887054&eav=Afbq3iez0xitSMqvf-GdJiTGnRwfWXbzXE_3SRjj8goAvmN-iEEyW991UVRUAzmRQss&__xts__%5B0%5D=12.Abp2_QmsBPc4piXAD1ynBbXAjluwmUaYF2gL14_sW8cYiiUHdqjhvXykfVFXuc5JTXuWnWAG5qz06WOU7ZdVPYIEjtM8iJysNCELrtRkIPAyl2R7buzO2BHB5_7JyWI9eUwwHfuzi6HINGsvFyaYy55J7_oyDgb0ixFqp29deQQO7OpyUHoREDtocTL9K6sBP8R2hYl4EH1_bPq0Y8RbSwNfAxzxO_rEkhfuRoWw7HHsYgL0bQqZQG0pMbamZrgql9eQxxNBscXurtuaOiqmRsPT-kuRE5QH7vZYkpMQsgZf4-lkOBTWmQDaxuIqIvw-qGOf2534pwK2mvyXKUri_8H4TkzQOGBjTyYjxNBvOJNeZz6mvWRdJQFDcEdlBT3CykjmELXmNS1qmAO2YFouuj31WFnIYrMMW0ONwX2dMjA_zcdOQtQm9ze5ber0zEa7bDFQvrDPSRWhcsfSEvvyLm0N1AM7mDxdiVKrf6ccCo1O0alBOTP0MGST6KvPUVz5zoJHFYOLgOsbfiOepFy1znTfPJDjWUuX4Kj6G0YTqXdCPkqjdvJ1TA1gvLIm8jrGq4wO-vFfR0rKr5FpRHoh-RdIUQaWAO27zXVesFLlIs7Q9BxFEIVIoatqtThC7D_e2KVeceuGp4me6PgSWzd8_pxh27wQKX7bb1I5HnflYvpCDPtELfy694K_Ec1QrxtadE8&__tn__=%2AW&paipv=0#footer_action_list,4
https://mbasic.facebook.com/story.php?story_fbid=pfbid02yYfqPVuqYUeFUzoALNPSMekZbxsV1TJqNoMBsXhU8rwvxKWbj1zMjZdzSjypmqbUl&id=100064780746995&eav=AfagvEWhBcXfXmRD4zcJmCxiwkDCoLZrFv3Wg_7l1nv_maaWfVoqWvzVKMUZAYpqsEw&__xts__%5B0%5D=12.AbqW1x69z2vBJOL4nHgooO9EXGEJTHuO2avHJ7XtGz6wf99krpJw5K1a_upSry9jysi_zq6_yTFy8kiCEQgLIF8gUUHleXIizQ9NxQ2wybpjtgn6uGgZr7xzCc8Y2uleRjadeKvPXwDQtd6iCBsBCFcprtm6SoitJvaJG-NfAcmG10Qv8l_ubUVnkpl-78Z6CKMuvqPyPo1GT165XdL_GC_sVTzqxCF6Mxuuts8YgqtRPjEGKZTXPlilzwG8XTOsR1ZkwzpfatzU97Purde77Bv2ZvbmR1XTwaLGB1z_VxcZ2TjjKUiy0YPQl7UkHeIXED-KdwXBvRXwPpSaJifB7Y1oY4e27IQx5l5oaeqVkKi3YAqMmZzRUzYnj07J5LfKKvN5wKdokg_FTClN_e9yF4vUqeAPterjSpvTM1dtUIQJCJZYEqgSO8RSG64kmJPuR797BLenb_OUQIjW-TgRp5vUv5_UBWEEGXoJoWdV1l0p7tKQJ4hmGODdeBnTl0ejdKd3Xa9MKs-LhR9Yx8pRUbEEJD-9-NTOSLUTYGWBRY7MgZyTY5DdOiKelNuIzdXzUrWSmJbrN7GNzdN8D1Cuj8XSynYqrl-KsRN2xO2oCb_lNYgzEq3dbuoqYBxkG6-HMXo&__tn__=%2AW&paipv=0#footer_action_list,33
https://mbasic.facebook.com/story.php?story_fbid=pfbid0uxJF2o8uomQpz5VzzHWx6K1LDsUis1U4WniQiWs5SPb7SWjjFiMG1nFYQZ2fh4Tvl&id=100081344121376&eav=Afb_EZZ1sv-61UxuHpvhQyFtDhxY8pnYS0zass1zKaKnCJuSVH6nWwIXQnDc1XKlhAc&__xts__%5B0%5D=12.Abpby4HD0YwvefSy6slMUg0IlAu_WhVw8QXx_Z-5imgtLFR0NMjNAInri6fxNBSLOk6AiN32z0Fk1xcN4CTHnHKNTp6EkqpXLXgPk-qonRkF3NB86hdvxUjgqmlhyKHY2qiH7BSnn7pEtLhm2uTgK8BRmJK55Q3WWUWSL5AenPugOpxqCFrUT353Qm809UJu7EDl5R8_y0tNxXeK32Lpm-rp5TVv0vQ2oYiCggHKMqfKN8P9brk1rla27l4mP9aZu7psgs2x_Dhyet9nWi-zzzLxwzcRp-DKr6wMfkMjPSN75KzR3doKzPZ2tlGUrJD9ABsmEurA8CHoFiPSraV08KYDUGJTqyR3UH3i3lxrPySS_8D7HNmYjg-Q3m6Z1m_lPaEuUMgzVyjqYfdOkJsNL84R2e3VIzM-1ZJ8EYshfTCbZA8L8Dl1mUASTz68Vy52rY7SRdttEatlBsE6dt3cq9ne_kyE2qpkQh5QHB4vM5IJb6iMTCouaksqt4D0lBaz1oiwwXRrds2dDkwrX5dBaiawtt8XexPw6IzGLWqT0_6Orf9S3bwBr5Zp-PchoNdZBnWogaL-GRF12TI6qrN5EIxYVG1MlIodZku7cCJ8b0rweCMwIOPSbtGtgB44aNA46gs&__tn__=%2AW&paipv=0#footer_action_list,1
https://mbasic.facebook.com/story.php?story_fbid=pfbid0Lqqbr7mCGRsRrGSBXkrGAKMKh2Cnsx8wJ1UjiTgHPGZwZvTLAJCadB3jMe9NTdfGl&id=100094979393080&eav=AfbMyHLv6pFeVRw9Y3a2puylcUGvXP18aFcDrt-mjDklLsrFnUlBCm_9lZajwlQvMDg&__xts__%5B0%5D=12.AbrxBDcC7ATN92jgGyCtWpAoEQns5EpEYmBGbddysz6axL7bwzSJQEUeL_FMrVn2MtZx0kybsHs2lzvLXjUfh5GJDl8eMZcvWLYH0_z2rgGmH3kSlNX-QW2wByiuycsxm263SiZCKZ1g8Wwxd8E3fgX1NusHgU0E98dkq5Jr89GeiLgSl7IdksmXso1l9SdUmX0gADk8-u7qn1w8qpJyYfAe_qOeDD1DnC-36m29d0GaFQ2k7zMYBTfgu-9PYLkXRLL5WPE8BWSRTSIknA1zhnUTf_qwF4Rpd4f3xTznNjyI8-68f8pOlLNxTvTsNuCEaxEU0uIttTM6wTFTHfn68IYkH0TQ-hwqTKt1l97arPvSnfe4IVrhs0i1unEpt7IQyV_i2QsDogcIgIC1nBWauKQWBnETEyQjH1S5u8CUE_1fXW31Pu0Ug0pI-fUBdyqwD6qC5z4w0o_LndmtRakMyDKuHQ0AJ1SVznoQllzIFhp6CXT9CmYry8UeT_9EESV9Wf6Uf2Narx8HV4ZxGemejYtUQvrUCSIln7zwSzrHl1AfS7jBQgIf2EljGz_7OLppZ8Kt7rtTkZroTLFuMx7IUnLL1FHQmdI5LL-QAwQWcsyed5BT5UZOMMbxv7pIIskXQIE&__tn__=%2AW&paipv=0#footer_action_list,0
https://mbasic.facebook.com/story.php?story_fbid=pfbid02sU95hHdLmSJ6eKray3urH1kaoFRKBJftiwAwneQjL5E5nLdsDDgacGATwrJJoJKal&id=100080745073689&eav=AfZyQn70cp-ZWcqFqwzFGi0bYaOsMfDAxDUn2-r488OnciEdA673i_9rKZBnDhZ4Q3I&__xts__%5B0%5D=12.AbrV3EG1cuEf-piE2NKAvbml570hswldlO8-5k7pfPhhGLpawBgcjkXAWvE2NQogXB53jU0wibF_9dh3cHVcZv_2mvKNFSESAdyBOqiKVj_kw5nCw5o9O4AQePZJ4jkZalwqMnuE97J1KREMdXwov2itIlvS-udFfZDnFsSQxMGJHUZV9hTX_YPmSs8VNZVcYcr-LfDyAma8VCN0ByfqdD3p8nBARACoMDv-v1gS0tLGWnYjJDdJSHstN2FFJdmAQk-heWBS6TPXN40NjnJm1FXji7cNnCxWsP6Qc8HnSxV8Jm_f_4OteQwkV0IJPrSbcSbnBxb66BRmhZpQHXRG86qfRHfify8tjKsbkpTR8fdjSSf-Hxw8a1INi5QeOlbRKv_nKcEytOI5gBSHIeZiB2uFCrQqOHqOyXvQSxZqDCn-70lS3XYIyWYYX7zxkO544enH4x5JjkWaDC1JEolB-zU9yZQInMvO36Gr13HozeGc7EgJ0m7XUXFnS78UgU961lgAEmYgCKxcRg-_-UYonFk7aH17VNAxs4lMEjdAGm6sF06QcaOZNrKCwyUpQXR9yEq7wvqfq6yJazT6pTIx3QcEMYG9be7Xb2-NwMuo6KHlmZJtwTcf_j7Wuq3WubPsv5k&__tn__=%2AW&paipv=0#footer_action_list,3
https://mbasic.facebook.com/story.php?story_fbid=219778504395388&id=100090517841736&eav=AfYdJQ9IS2W70ejY8fM-vwTszsXVpwT4t_Ev46dQbMsO29WMC61P5w75BWY1ruUB2NI&__xts__%5B0%5D=12.Abq-osavm9Aj0q8S5wCXHjJLYssN9IAlGmivEi0AlXEpxE4aoC7BvI_oSrkT_8bwGQ_HYSoK229u2Bl5RByy29Or_1_0EFA6nmJjRl6iSDvzGkj8a_cLn9ldyM7JRTScs0-M4Fv9jPAbRSg-n9lAPZ8I3WJQy5wRMH6TXjQ4fw5fqfzsnpVC8ftHJ9ZEo0ofz60-CqlU_YNlQV506P7TVCWLjDHRHC6pehaCPq0OkfpeN1EoVMUXnjLw5zYJERa2ZZ1oGm-ety_lh0i9-fC4zyb__sbX9qAoMNjx-QGSB8E0Qz1t7-uGklPkkYBG4Lr4BMWzVN9naR3J-vqUFGtPSytatLj5KjUlHhpXYlAufqYOEfGgP-aNW4Hi7oVCjErq2k5ax4vshCNE3DrAIb1-cItzVY3MHUeOivGYd4CQj4bksFtm153voN-dugVL5PfyQUhSYD2gyU5Ha4HsqPZ6qL12as_Xi0Dd9xIYp1iFiIvo_1XOJFLnTlPxk04EeqwOtEvtl4f861K0bAlvFB_8sxFG54DsmyawDP2c87BMyK0b_02ocIZLhQ5mf8LKLRDJvkSlSmOgrtK7bPzNsE6mH-SeB6sW2ZUVS5FcIsQ7TbXKQfE2OAsGUUGpbxniM8c4qKI&__tn__=%2AW&paipv=0#footer_action_list,1
https://mbasic.facebook.com/story.php?story_fbid=pfbid02Wsi5xi6FBxPgGbx7pmVqg7BiXiEP2WcV5SmUXLjtCe81zGzs5J6ipQ8bAV6626Kul&id=100004986887054&eav=AfbIrJA7qWVHwLx-4sCWyxhKUPefgcZOe_-cr6lE2K5ebRflnKVk6iTqXvUAzMODJWE&__xts__%5B0%5D=12.Abp5pTyYaQ1HFstwtBHZ-TtvyTq9Y26Tylw3xwti-PnyDGCq5qVn3n_99j4eB-ubps4JE3QQ_687XoPsFaXsnPcVdRoGp_yA-H3mTTzYVyZx-ZMOLSiHSQlImc6DJhwRXNd9KYNb_HmkKMZluYTdm-Grd7sqcTLLX53zGKUwKBEjuyGChtzQ71CUznlOsCBHZivHtHCgj0PwMFsGsQEPt9hJROMcOcf_MMwlrb9I487XROONZQ-iYHrboK2LpG52XNc5KDYTVZcl62qxrsTWCQ3GuG0CR5YuC76dXIJtjOWWIiua6VymPx5Ug1tsovlybp6pjGEEm76bNH_q3TAHQO_3g0pN3dqN6x8QTQvyWcBnZhU2iqFoosAT3bl3udkR0kbr556ymL5C8TGx9PksxpnpC87Dj8b0chc77DAlnPKiAkKLqKJg8aL-MBpMcaYZTx39yZ0L-Kg09o9xQXxENksppqi1ne0HZf5dNnfwzfiFT_EesiKGQVA8VtngJPODKqSDJjXgImhCo88gfRA3jjwu5D38DM-n_db4IqYS1fDm7egCJBTGfDq6_0kHqDGNoEdKnkP3a3n3h2geF7HXzT9F9ly6OV6RgkWaEu903HWSfz7TsKXV9WtMyOkbeB5LGE0&__tn__=%2AW&paipv=0#footer_action_list,5
https://mbasic.facebook.com/story.php?story_fbid=pfbid0rAZrq2cMvrrUyDSiKXBEo6MTZs1cEazh4ng6rYdNKgmPptKL9pNBFeHEV9QgttiBl&id=100001419311903&eav=AfZKeBlKpr00zMyfA0IrY7n3Tbky1PPVsz3v161aEKrKnpn8NVcEtujZ61QWrFKvGmQ&__xts__%5B0%5D=12.AbqxBmhANGOsE0vMrCFoywqzYDzbg_oReA-vbaMhbWqag_SqAr2EN9SDk03Q8CPBzL0IxHYgmpm1XWdHMghrfr5YL3zSHpCUNarH0z83kX2UdenGyhMEPX4zgzrjU4yyifMWSYoPrRRZ6jM89u0ygR-Y57am_IKv9x4e7bh_uxshS0BCkr_XRyp2U3LSnXfh6f6FMrcu4576JPTKEJ8aA-NA4jM_2SNJIZ4Nvo-I7aTmE593cYNd9KBslaoxfTWeX53qox6QP_gGXB5JEi0ulE1TqSik-GJr6qxECX1bIxDwEwtA-kT6hLsswh-SNaJ71tVRRcM5N7F32dMQBQB-Rv43rUwAGK0TVWkGAInQ4yJnNC2O7gjHamLG_-Tga_bCqcIFRpN0hDdnYsflfFouNr44iNFVK3GBVrsn0aH953xCSqutlvREDYlDCvOyRP9eGi-0rdEHfWeM7cNcJ_6tOPZ1-TdVLoZWkYQ7SnFfb0ueVeG66nRQe3bkEU2CXreZPAc8E9IDQtr4N9VPZv4AWswMH4OGbJ6SAsXqLS_ilFwjjBoSccjofg0baKqOCe7bFsfsDHTqOQRo7hsU_I0OIk8dxjczH1jN_sqDir-Er7PbGYfroLogG-Ls-GLkUgrONRc&__tn__=%2AW&paipv=0#footer_action_list,3
https://mbasic.facebook.com/story.php?story_fbid=pfbid032Sdp9ChDNoHjqvkN1wiFKyT2DKo2iuHG7oXJYDsoEUajmyPcQyQcayyTDwbuPhtBl&id=100064329180335&eav=Afb68yfS7BqBY_LPkoW1BgpJ4LT6qaNmNxKdQjRXmwEXX8xztFnIwE2LxWsmCnHtjnM&__xts__%5B0%5D=12.Abq_eAYXlB1KmQN-AJ0FI0AOVYLcl2wD9CAIA9X1elSZCkSD1mXyZksrdOxBeEDlc8UKPoWc7qkvvg8LvYieIqOGYfhYv0jpvq8pnDfPC6G1VXKMI7cd_DK4eKycTpu_U9-DYThpf1ufSfOX4g7pXMRsTbSy__9_-9aNg8QjfRv8RHCgLaAP9WEZIc1rcvKz6IvrvsBkjILu599J8y9l2wkJFLdhqFiSDjlufCgsKhy-pyOAI7rByWYS1_soMQ9tOZqM-Y-lGleN7mRiGSdkYCogNoWoW5E-2Yr35sH81nfkH1KgHlivgz7cKH2fMf_iTS65zxklcfjW9SQCLfOwsB-OoNZ42xELvj8YDGxd3-zuems1jNPAvCE0_D9odNL8Mp2IJA6BQOf1Fy5NeyvB4PXObbJwXXemLHwzN3VG9lhzkXsK26XBaH54V3MSBj3lbDV_G8LOYPoRG4DT64Bg7JYEJ_KhYWHsmz0qEnqwIzQBz0Wsz3O6i0yb4wMZavmsmKRJ5dHRvl66iXZCVy8V7UWMnhyslPyPuvxTj95Z9GnLApCvfbbQ4NPislZwXX39t2ohdBs4ULOMwftnzffesgUyjARiN9Va2sHj2BoVpLI0QZQcOl1vEHnYVTvsS0ueb6_Z6E2uHQ5jGwaoy6NhWg1OJwjM2m6-v7gr3UbwytH0QrBKQPU1AO0tunjthlS2t0s&__tn__=%2AW&paipv=0#footer_action_list,0
https://mbasic.facebook.com/story.php?story_fbid=pfbid02YKajxMjABLLUhAgY4fG8CC8Ahdb3sxZKxbSwpyegfRJqGsna2N9g898YzMSimegyl&id=100008634739164&eav=AfZqN5ukWpYPUsJaSKP1AYxkxYgQwvBjWUG5H-zyhZI1WBg_gS0rOAYcup8wbzcNfZw&__xts__%5B0%5D=12.Abp3q689s2JV9IrEzLQT6U2_u5LHv4DJ6B3PyG2PMZs1URBMNZuJyD-Vl6ndKQ4pwEp5m8yFrsuT5ONUknZAmNgV7LyGwTXREjJ_7A476mDTcK79FADLEdcm0GlR6GU6PnxfcTcVP9A7NDjpgxSZhw5Xt5t6FOOcud9AG2GWIeTlZQbz-rzYoQ7FVgyglU6uFy_7_bq77ouc_hs38KL-Cp1Vt5ALQC9r9OKF5aFpXP3EKWNeXf-H_N3k8jk0QsLN_GmTMajWg8mzc0I6NeX7tYP7iUinfaDbh2osy-G8qrsSmR1ujYFEC3db2yKKIOAxEv-C9C-OZKSnc2Fta0iB8ySKArhgpAMSsAze_lspptdJw1NrcPU66nYx1GgI7a2jxjkDNzoqyPr2GoqdtN0azzeqFYinHlR_PGtTrzMT0AKAnZHxGEp0N1nGr6ikX2rrVs3GuUhBzPpdxCHBUz17zcMie7uvAGEmDDPjyjJpB4QumUE14puYqKuJSOHrQVKVNulBCzVWlrkHHGEuTqHXcrdnOjxunf5G5QNfVkEtfqtpxseI9yHJo3cmbZMH9XtqLUiHooWJjkxPFGTbtFd6MYpVNCUImSI1Tv_XGgK8AZuFGA1RIBpcrfWYxmtMEejEdbcFSfSdIak31DmDJacHVO3nfOlZWkxTeanzRbl9CDcFU1JxPbEFNvzFbTnuqZ2VK1k&__tn__=%2AW&paipv=0#footer_action_list,101
https://mbasic.facebook.com/groups/1248991168970932/permalink/1484622885407758/?__xts__%5B0%5D=12.AbotKL9wlPkgUCt6FWuIi-wvtsgSgFEIaGDR7k478M1UhUzyWsW6Sqq6tYewV8PgQKIjOjBiX_VZHVPBy7iSits6zglu40QXDiNJWSZUhQt2sztPu8tW9mSnLniGy7BtadOzN10mKfHNhuf59nqbq5DypxyyrNLVBedFJXY_vPsDdyFwbOSNyXdzTSzAfnS-WMexChUDouuBb5ldke4fwXoYEl6Ve8uQO1LMm-ZDYrwPXd8S3yzNbmq39iBHGumKImJb66W4sH6xbeAtwFEnIfJGFZcGLG8mm7FlhIldlTqN7EdbTdrIu9s4gqlNk8Icz3xfd-x_dIKNIDrn1jdRZWim1l_RUfzbkMPCEpQh3Y8ToNjqAf1SrMgm19p5YpKQyHOkVe3VVdoi-KALRS9jYz5Ha9Zk6HHzJ5L4sFGzFm4JKSDVwY1d25Djr-o3BeUzxjHL6tyV8cDZn0srD3BALQwg8_doDEzoum_mD4wxzMD0XoWmYgfeF89ypSJ98gJ1-UGa0Kotn7maEUxH8okbKMiN11NdbCAz8wnEIUhjJHd5FFcgqzodXRl9-D-8BlenFnN7MeHRVrJ6-7uFGN7dcWbAfP--Z1KJxMEIbiXMO36_TWKya2_Syj2IR5MGtRz_2HE&__tn__=%2AW&paipv=0&eav=AfZKKaBZQ5OT96Zx0wqePDbM0QjUxxKVXnIOoT1Iaqun1ylFpbJQvCP0i1BLhFo7WWs#footer_action_list,1
https://mbasic.facebook.com/story.php?story_fbid=pfbid0356BgN9rLfXhLgbncRRjpLDh7mkZhRB39AXAKbqD3T7KzUhEm5cpuybQ6kAi9qd7el&id=100064562387241&eav=AfbcO7wB25Wm-2c75PeZmGzdqHsxUdMuzODNA4AZlPtDBH2N0P22I_0JfHHSzRvc_oY&__xts__%5B0%5D=12.AbrhAUEFMBLN87qGmFPkW2Ur6tD1dhI59Sm-i3CjsKHRXRm0yUMIdMq_j0n9x7jjLN3FXywZpLdETw-R_HQ2UPnhyhdIq9c0HU9syrMaWjQY1ROz1GBx4Xfia2ocybDNYM9CrM0qixsqIZpBP6p2OlYY6amAc06vCE4GkkKiuXUjHN7-EUBW7deIUU38T6yK80rVYFwSipcsG5tL30EnsEcarCS6dgGGn73IW4kMDn6sLBlrDh3AEbuJ02_AmsCpvNsuc2KcqsmNV9KCAPmo3NOTGZUBn-8ttJvL81r_6UgS50ZNNUSu7P7NrKSblBiECGO1xHomq7GJ_6i00TTPr0q2OCPqmj7HENw70Ld0tH8uTExuPom9qOhDBQUOskHATUEocOFuTRZUTmxSRg8NBCEKz2FDPGi8jClJiqi5Tqy5nKby43LsqvtCflR2d6VNLuBGV4evee9Z12kQcuF4nSz41hgJVqB9fGruuq8eug_D8DVf9o_OYhq9RDPXw7X3u39CGPwNWCPhVTInKYB3qnDm7L1e5jd2d-3WXh-HhlCb9UcscOF8imAJAjUd9WfyU9sykXc9Ns4EgUAS_y1e-MMDFmHs3LtXzMA3RYi0v70GT0PeJZrbsV1ARb4UM4CcVV0&__tn__=%2AW&paipv=0#footer_action_list,12
https://mbasic.facebook.com/story.php?story_fbid=pfbid0nc3wP23eDqQBJDS1QcRLLnjjGviaK7wXswUop4o7veR3LboTaz4xc1v5d5yDB6VLl&id=100004608180625&eav=AfY9gHUJccmg1VoYh6iq3nhcM4lejWIlYkl8VzJQqNjnEYcvjA6fzzzEwQt8cPdIqZg&__xts__%5B0%5D=12.AbpBu8R4gqXocRXgaHhdxHiXwn1Dl8L8GldrZF1o0P0e5SBvD8H15DTkvQ7LbVHyqvK8xlVpPe9i6HP7iiUIFArHIX83j3PECdZ6q5gvDzKR7joR0IJe_LxenDOvqFSdYCEcwMNRtFjQ2CxcQ0VnKBaFk97yYEgZabgPH2h5719Mu43t6K0dFTgo1kVwWDKs0LUzVOvL11dVWgRmGRvo0yeDN9e3W7ytQMhTVhmLXAnvNIZo5CvDgfuhYksAKTt8fskZcnV7npekdMJR-hP-11hVma43PM2es4pmHCMdkGiY7c_lwZv4OrLH9z7DGj5HVW_xj9SN9EPFSXLSlIO8MSPSZq4k-fLAT9InJ5c2z-rR7afxmYGFoTHXBeYei0XAhDEXMlVVb7j8G_6Dp7KFLIAOqENf73crN8Fg5ZV0Tet8iG7KPT0gLIv86Ww3yQuGGI0uL4TRa3_Eq-t-S2baOXdAfC5Pa-SGh11hn7BH_seeAYiKi_i6Nori35JIs1kqYh2L6ai5JHZDCmRA92w1GzvUWRRnxYx3ZEHoUM7rJBVqmvA1-p2Gn43c8LWxLzOsSGvkhxfZq9CJA0ywKcVXf_1OoFyZauSFQOKaI10ZAFyd93b1Re58YA1fJth92z4YyVI&__tn__=%2AW&paipv=0#footer_action_list,25
https://mbasic.facebook.com/story.php?story_fbid=pfbid0dhAEZntLFMCHPBroQC3J6of6VsDEbhBGMTvV2JqUttmC4UwAbCtDZp9tAnuK2mbUl&id=1632714829&eav=AfYNRQIf6Kcvvfjl9BtTIUQ6-8NpI8Nrxr7gPHdhGQEzcbuYxxC82aCjdtUXY1jG0ZM&__xts__%5B0%5D=12.AbrRvfieZ12CP4QKSUprwYpC7n_gdM8o0z-JpO9QH5ujkPoEiUNhFgLesq_YdaL2eZ-R-8uPDg9Vnz7L7H-vL4XNJU8_I9tvU5RBTtaIWVfDlEeBcRUIgHaZspQ_xypCdh4SZL7RteChkaShmyTejKGg8SRDq9p40x-BN7qjxUn84YfGfx_JrE0gTpHdGosUaQu3D-eMB-Bmg3LInQEWh_3DLYjQqCuvTM1ychm_Y-S067MqROm-ahvjcdp4b0xPwzVmUoumYbRx0xNTJPAOrSI-l8Mw6iRzHlOWbqT8Mu64gHEKuAWriNY6dvh7KmGVqXYHfk6BL2Sgj9QxUNWeBOBlTM6krmyeOEw1nNyiMwdyBWcFZm5lAcHkBAV88XjQY1ZZ6Czkb3Xsj2K73zBiUlYlxx1Nm_HdxnO-lxAZniBIhvm63rgzUXejfcpuBxzovJlwCEprtrpZlY-K0dhEuOMuqHBoI4NZ-EvPrB04PvP3Zey4agmgemhi8qQkETzkC5cCoSwRSDwN-dJOQ9tWw_wH0YeO_s-CWh4qyMa432qvyUvU3YAMYP5nUpEIhuZSrf7P8Hpojmd8EU3bY7KEUjwPGKZBc4lUdmT-Pq62h9wQgqN5ONgYfZBSx6D3CXjr1-PCq1DyoB55VIWxXimlUwNEYZe-9QMXPTkp93Sngi2gMgGJjwzMUdjF4K3WbVgpgcU&__tn__=%2AW&paipv=0#footer_action_list,20
https://mbasic.facebook.com/story.php?story_fbid=pfbid02aL7HyNPaubqfcVdTtAHTbsPwcWWqAe1TynJJ2vjKxHe4Ei7d594Bof9LtoNSdhQXl&id=100076014767465&eav=AfYpmHRQ8gmky--_kyhIaF7T6YlCZ4OISzCqSHb4Gt8SfBYASfdoRQ_4YS4ww7mKU9g&__xts__%5B0%5D=12.AboanwZ44eK32ugQJ0eXeAR9jvjpqLCzNTktlr17ENSy0XofBVHQWQ9teXHf59K1Pb4Y9Ym8PsnJwPVbRqlCtBcI8nuIuPiWeZccnwbKwQxB3BDTuG7WIIMxLDOy47dhLKm7iCOB1Xh0ik7EE1D-Xi-KHuvEPpUHnM55MGtFUeulNywCJ7Tw8v3BpFPpjQ1tba0o7xKs3TD29X-hawt9e75OZHL3D_y1SsPrkTvFUpTmKncVOTsZJr4skkQBYdXSjC2mFwMoRLol0WQZklNz-_jcdJkEhaHgtqmhGX52c6rzt2J_i-1binTI88tJpilfk7hSdncOD1n2JCTwvsOc613y3Ea85CVjBJzPpqzPwv7a0kxkNP3sJg5RwtJPROe5PEyyTNCWrVK4OudeBngx-uyBvu7uOgPZ0ByqizUk8-DmkmHyx7w-Gk_J_DLoXYAg93vidDOVz_lMJVJlFVLI9OBYNUuL2SLQJbbiFDTeCEndTSlFVmmFEpQ89BuEKzPlavY4emloiJNuvPiBqyX3spZsVjc75SPlNpQgjmSW9Sogvy-WDxZd7ufgDG1LgA_q5Ap91DXvCmRWMqkgtI5sd3-QP-CZLbqtmNBi2xsXPSNZc7PcZght9cd1XHJ4pQsPftg&__tn__=%2AW&paipv=0#footer_action_list,212
https://mbasic.facebook.com/story.php?story_fbid=pfbid05PYwApeq915Ym3uaJ2BRycRrw65msDjhSx1mC3hTNAQy656jg9p9hdeqH5eGYbBRl&id=100026998672003&eav=AfZOi028_i80OOrcu1CbPO3iFIjbWwu41EjsW35IviXbP7_AP9sQ8B8qLkREfnxNDq8&__xts__%5B0%5D=12.AbpMocAHD1Bxm7Kse4vfvHFIKhJLxv5icosST3dRzaK8VU55NEXQrNgFLrvzIY92JKom175CP4gFH5Fx9JkgpVN7tQsbRGJ8qAd2q8pP977QowPCzxRn8apq6EMsRQt9bJvGVJy0NAWXA0ZsDfU4GWYYn6T4XxmHV-43GU2G5Sd_lobI3_eSIKVCxvCGkiayy55lII3SYltb29v13hdLUY75KojGIhPosdKqiB6tK1XAvRulLOBYEvsLo8AStK1eFy9Hdbaez3q3ZCfQIl4EmeG_q41PUHZK-m857wFHuVhXiFCAGz-5wIGMF-mfnTvTzQqtNxYxOIVy5iKeaMkX6Fmw5vNfsiQEDNQwyXOSsBZ3zhXyBaSckqzJdr34HI9Nhvm93svs6x-fW8-vArQaJZMwHLRPAAwIxMdAaUpdaKC6kxA0EtXbYxG2QEKyY8XdSEkjHNg0KrXnpwZkhHTXxkm9Mf5qWDL1SjjONhjuuyceggKjo6gm2QOlUEW5WFtmTOcFm861X1LJ7vNRCXX4VlJbuHV66EDgLCy9VtLvch2eJUMtzig0YtInt1oxjVpJ-Klfc8A_AMYtdw5SYA1KYHUjZmyi4-IwaK4aciXwvDSpCta4LsYLzMsRMv0QUhycvmJ5ONGlMex6D659eNWgRnuo_NnTxHgpLc3YREROBq8p9A-_5RGuXcoeFtsnp9PtT-s&__tn__=%2AW&paipv=0#footer_action_list,5
https://mbasic.facebook.com/story.php?story_fbid=pfbid0ssHxtEtdAz6aJTtmQ7KXCwWTSsg2eT3iGzbbMWB72TyJNoFcJPrVhEuRkVkyCWT5l&id=100064780746995&eav=AfZ9mTxxa5MMks93JtO7l65s2o-YBNMLE-bnCwDonLoGCpx8gtt7sVHb8h4TVVuawAo&__xts__%5B0%5D=12.Abrm8ggZZv4OdTjL947HwvcBDTw6FVbgbjwm53H3tBZqmU3quVEAwAeZJIhsw3IhsEUk7Jkb5xrehuEmwFhfrV8y2JIgrb7h_MmofU4NFRE6149ejh8o4v5kc_sMCMI0DFFTElun0CY_1GaAUeOddREo5z78peVkSBE53Cp0lZxbXe9H0VvLPP7BhEpe0YsXigOSLG20oMfFVeFwYLwmYtwm2HuE6qYJC2jsf_3bqKLmn-2O3OA3fwm4PSYcWjaAyBKrnCgR1azfhfvIFbOO9rBAEoRU_KR0o9Kchil91nJZjKcukTR1yQaOqc2vmpyzhV0oMuuCKdd_pYoOfi5v8iX7_SuR8fIslsfjpR_CvpBXpkH8M2JWOUgncnMZSa-kQVzb1n1dExnshS_e-siGUM74avQXOfGAurRz7xQGbmbb0ctkCBpO4WgewfUC8v0YYJOswkOznMnv5M4a_iFpp6-EH17hBoC7NohLVho9Bt6bqd1fwFWVu28QP0zIjsYmfXWIiwYtzOiSy6XIXCNKKhSOh5mtOEWtRAD6GIrS0CgyRqC3Y87PMf_S0ocqQwk_31ANJdLmY5vaHdTLv2knu-XoM7VNJ2cSSnqwsXaAPTII2u2UWgY2Mwfb1pmb7RGRFrs&__tn__=%2AW&paipv=0#footer_action_list,30
https://mbasic.facebook.com/story.php?story_fbid=pfbid0p2BFFRcAMWei926vZr3JcoyS3UYAJ3gowHXrSMTUEnEf2t7DimgdCY9oFhnMxFpXl&id=100064780746995&eav=Afbw49pW2orhWs_zjCagL2JN3OYxpPKWQcArTOPDv8ftI_9xC2dMD6ykjXlhA51NH-0&__xts__%5B0%5D=12.AbpRkSJGeBIHyyKjrwlqiEp3yYivzryhFxdK2w-gT3Rr6BnmQBYarO6clb6CWoKfm2nDGaY7jqViL2me8Qat-yCeXUQhBqP9v6gbPynzghaqHr4M6eUbiP-Hm6j8pWFk9Yy_5kIsNAOX9n3qUFE5_MgEH8-UZWutu5u0PAEGJEcnosxfCpXUnkrZb-xh4ycdsh1vtYx1sOTzGfTS8DzZnQzHH33R0A1yzdSYNg-_ctLz94mArfqPCsHJaY3MtETrAT9RLva_K8LI1oMbI32-SotSYiSeqEWsXTz7NSi5i1NWgLhgx5ISpAjrhMRLOoOZ0pEoFa4R1FhaGPtHRhzs4AqQ_5TlnwduzHWzmggcAcriiUNTem1I9zW5KEhafGo3qtdjCTEgqxkVpv8VgPCER68QI18GAb1O4MOIW700USuOqSD74YTkW2sO8Vtj1MgKccH41McVibuqTzBnrtgcQLr9bLmnoi82ZrTkzGePn6Rogd-kbVBxTDOBxDIHQaJRE2O2Ce7ecQCg1t_ZtZ__3yI9LZu-OlrnM5yaJ-EXm4kDzPzdyUE5wicgoX0OXOZ2WJy5ZuAHwNh1FpYUH3PMU14-TlGHnYLJb_BncTBQ3phPl1H2OJJxYJRtPlJUGjQvYoU&__tn__=%2AW&paipv=0#footer_action_list,7
https://mbasic.facebook.com/story.php?story_fbid=pfbid0a6MGeHqFCuaAuciRGDgKASYKbdCUftZ1PqrCKWcUBRQSLUMM8ggvgstNhUGadk5Hl&id=100009895501574&eav=AfYP0uIFGrMPkgwg2VRmM-9vqLUK38yPx_3yLU_1uKCs7-D8u_txI2mhFKJI-Wh84rs&__xts__%5B0%5D=12.AboxyR-hbFbn9gIkDB-iguJH2jp01qTu3sEzwLaNHgEN8OuxxoqvFVW4dKGM9ObmpR8xK_Wm5gbKcmIHuQRRpMy9oda79cl_WaTaC5QCQOY2FpoqJ_QwM9ZgMYmIShk66B3AkpevvGWCv8qHx5YnzKVM4x5DngAA1Af-OqJxex-81_4l9YM-8W8YILJxZOq9UDbh6SSEYngoRICa5zxDMLAUMhQHz19nv_99c09xiTmRzoWHD-ml2GCKNIxUsz2s3AQo3hmL0lrH1b5OSzC0tUs-0UsEUdTG8oPKP3KzwmwcMHlXX_aRKdPf9ptrEkYWHRxq8_Muftr8hByOpLiRAKnIlY-bEHSYnDfjEbbBFWD_5wuBSRa4ZOiBl3-1DnZXxcdx9e5Xe_dq0PtrDrYZgA6ERADcjDLwBzc4-oKggtsHm0_uFlnQPtNmGfDWgJnSFNLZW4L9xl1kyfmAAYrxAmHUrS1tb6zxOPerlhShCAfv45SLLHqo3UaHQzwhX_Pu2xAkRM2D0dX3E64Bk0SJq-ZAjbQpwNe1zFoy_UmTolQVYRnbOijBODy92UTTVx3f3RUO1TfTAyGep6HqTenOHr8e8QlTiJa9HBsPpoHVqrZCo1YD-vTA0AsN2cCAOYzh2Gk&__tn__=%2AW&paipv=0#footer_action_list,0
https://mbasic.facebook.com/story.php?story_fbid=pfbid02u4K8nLd8K7HMEMEbt367LP9HJzZRaNkF9KzGYwpJf63gckgggKZ4pYvkns5ymfxkl&id=100064329180335&eav=Afbx7P2kIiSjtQl0kgi7uZUDLJSLrT4xD0_lDaYgnA_20_ihWg8llPIEK-i8g-qd4g4&__xts__%5B0%5D=12.AbqWQn61t771t_GEeinM6TTZn00GoDC0_1j9X3DjFz4tGN0iNPaBlZkvDo1gGEtPBfMgLIePXSFKa_jhScwOV80ijzqkCfzz0wkTrgeFBvcLwCtU2TQTRkofvBzlYb1XMZ4fFrMQd0J47H4gkyntIMWyjIJu_UuGn7fuM0qL5V4wSbbFHrUfZrNK6SVBQ9jmBlqBQCJoBx4aC1tvIBX0R4iBr50qDyzPLW2vrcnV1HkGvPhMSgF6IAYyxjWytxCsmLPyjBox316tk4zO4kkXyz2_Ns0ZcSTrNSx_N5wRu0NdWXZZjnGriIiaWwnbK9oxqMewgUdyi_A78bWo_pD_H81ZBBIuMFZ0E-IEsleNVdXm2boz0hQmx8z01iouds5hBYuwDmiTekIG8lwpLhp04mfS8lSHav9oOjuSZxIVgCpz36xbJM9XXdNz6TAHuaFDK1qXLFJT01Y4LjHZ3DX544GS3-bKCpTG4It37BChA5QdaujQjC3bhxfqNs1KYBeDy4JZZUkR9lguVDI_9olnHoM4_JjSaL6hovd3BkpwWtY4AMzHBknaIlbrHMryps3lkSnjqzLe1sVcWMft2wqC99QVlX9TqKYYoNj3wFs52WEwBXsyC7yXsMY5hz2u29WxqgYiX3MmtrwxCaGxkZxr3r0zbiGC9Qgn9st5Xo7-PDu08dLec7mr1TTY6v6_FKaOSdk&__tn__=%2AW&paipv=0#footer_action_list,0
https://mbasic.facebook.com/story.php?story_fbid=pfbid02pAuvQR5yCAjJGKm1G7TnohD7kujeYoXX1r7WWYh22nQsfZ8pSWb9MsHZtGnefaYTl&id=100004223166274&eav=AfZOex4FbRf-aEpYYEXvYWvJN59f9FnRqJgMMgLqe7IUa4vCwReQ0pe1NcIPEx-7-gw&__xts__%5B0%5D=12.Abrn95JrQ_JuNJBJrgtVBNBAlsPwzh-dHoWF3WB50m-YSHKjAD8ZeYkGTuaaEqfwiprgI_c2s9D-gyN89isrpFQ-N3XlFCFf8gI_bHSVGLYirGx5asHRbQ8T-EGseuR4ZTazBelGp_cCRokN7vPhjcvt-jRnRoihPRR-tfHHsTO_XeT7LhkAye_3c1TalKQ4sK8IHxMx9kCp1irj8IYCQCOfcdQ7jwmtmsnSCjAtramtElSSJENFC3dtPvYcFiYx7VWj9TQvNPui3zzAmWqPH9d78qlHMgGisZHFSm3xmrfwFxfTdN2BGlv5eM8ZHy7J-HNjjp-E2PjjrElg_oOY4CqvEGmbHOXW-thdp7Zj-MZCUFrKYEOeXBQdmK19pdtihgA2yRIt3XHZbBJhzreSVTTzIB-FDcp6vNK8buN2DDm0j9tOonw3jrUqHlmW-hL5OGpjitVBXTLc-YIbYpOXcZ7JuHi-rDheRmpWigLju1Dgo90ij5aVW-aksCWKtBri9AEPPR9eCI6wz1eromJeSyasGu2n_Nw3mCCVm_UcPH-PQ0WFofA2OKUAGwPhJw-mqg1_3bqGOrCu81T5kEM4XB0SIo5TgyYWHEyQcjBZQsw7sDmckf4k_zZfbJwvSJFsJYo&__tn__=%2AW&paipv=0#footer_action_list,3
https://mbasic.facebook.com/story.php?story_fbid=pfbid02uvDrixY8aLP2gAts8szVroUZmy2JRLdPkNwvHN91WjNjUWwutWX4PYDJ9UaDfphJl&id=100007752673776&eav=AfbVVs8SrvZdzifg9qjw0SYDJx1gJBIp636f7pgKWG2zFK0UcqvNR0FC0FyIiNCRAbI&__xts__%5B0%5D=12.AbpRVpL357n9IfXOIPofcD8E3UrlgamxzyVcW75QIn-IRY9Skrb5a0NZ1n2bc_hKMeNextzJs7CQj83-X9uNgbGkOxSKKkeUjjpxXRp5L0I6BGCuMxC2bpeRU_Ai4cpkCElLZHiywD7TASB-jFzw-hJf4c36UG7thzJQQBxSYx113i4ryDBnEAzGtSrpvlowx4nHd_Ertw-NngGC18zJLsk32eciqkfxRF_CiJAdhqhrL3Mit13llcZxUtmi7_Qlz-xUe5UfTmnHFKblI4VIlz-VlzqObaIrikF0UBUPggujh-AKo9djBq5RLLTQuI5V85XZRZSPMhQdLAA2Lz88scxZG-89mNfQxgtVlyC7eFyb_ZaX8ghhVBDnZt6GYhYYJyG1tg1VoHri-H3i5ciNLvV0559sSYXi9I8x6y4eCFhYlgWih_HPk4srDJUXW7BFtTMGos6P7fzdyATQFvDxkC8K-gFA7HZpVox3cpIDQsyOf8e-2Bm3yJYpQ1RiEGvqQVWM3gEQ9rnTYNWjQ99TXgtnKJdWGqrLRRSEsI1uWhAS3fXOX3u2GQBSsIl3NLkzCBWyzXddtwAyAE3ndhZn0PjpPFOo6C46AppMWPv1DW-Gw0G_k1dBBvTDozcPT9XU9UVIkZbD7gWASpsVwSjmuprAi13cLUFaQO132944YnkpH4JUDuxjlSm4ecRG-38TTJY&__tn__=%2AW&paipv=0#footer_action_list,220
https://mbasic.facebook.com/story.php?story_fbid=pfbid02YkvGmNpsZTBDF8QyXA6K2zNfSDQ13TtF2VzrFoBL4pMiyppEoJCGQVeFyKGJmR16l&id=100000143354392&eav=AfYAXBXQxR5WWjXS55-B7nJ8jG7-wJ2GBHmwZi8NZOcHmLinARq4AEcCBH3JQs51f2I&__xts__%5B0%5D=12.AbontRBJnpp4kU4p0NCzMWYwYKDC323kOeqVJ-xLru_KME3XzIyK6xcRyTWLg-mWZ0BUYIliV1QwPaGF2-YwrVYeWFh07MFZQGEGTn1PAYwtZJim8EgWtLDOgXg6FrXfNaFVTMROlGCDLjp4uPoIsYDvXkQf7euUYiBv6beUSV-z0pn00SwzTaLXE3_ib1BamYiN0mPZzzyZBGpiQfKB2VCFg8ADeN89H9TqZbGXV9yvUG8g1sTgrITx8fQ6uZtPYsZis-jszXW5vHGk5HWZeKJSAgFaEmBOQXHUBJIG8Fg7_yFG_-eIpSgXIfNFLG-Dxd7oJQL6tQkweLrC_uGEma9FOBf4R9v4_FaAn1D1OhUMTLY1qP-alZPUKV0TCpGvH6-0SH8s-2_S335sGUlQErNKvps4lRTiPBGfzYFb670rseybGMpHjcAE1oTEtSdzaXYbcEiMbaNnUUEkrJShZkOlbQTzQsMDR7mC4FgUMPMseNeoeBQ4h6OKdq0K8EECwPbk49lte5ZaIWnaO_dhRNm-RKe9NAkH3Doa0prEbcVhTmeqB8FJ5dHuunyf7kRgh_wrKTmNTp6zBfAHthjiJFHl6A6PTbP3dyfzl_A8KKU1sMZ04x1154ZkOLzoYFPEasFf-0gYBeQ8VBbM2SICLeaTRoAuPCBfHHBqSJAJ0CuajKnM7ZA4pFXpjILgAsWz8Zw&__tn__=%2AW&paipv=0#footer_action_list,13
https://mbasic.facebook.com/story.php?story_fbid=pfbid0zBUWs2A3qcNHeWTu6F45j6h8E6edMzmQj4dzYqXyDb8ZgTf7N51TMEZmuwx5NXRul&id=100068319972216&eav=Afaij30Izt-w5dhysCQiFRLB7skHq-0Lx4EJO6MlXuhasQszGG5HrEw36VGMdm9X4vk&__xts__%5B0%5D=12.AbqQvBCdluXcJmP3NcMljdLwthdfEeUoysDQzYV4uzX2StB5uomrIwcWaqx5-pbVJesr3VSceC54n5QJbyD2cuPokPhI6OSBWN4b2aXkzFhOCrgfkQXnclqNJe-T8pPrbrrBSzDCp3cuBPVs-vsHzdPWpt5ww-HGkDDPGTjGvVhCNFEhpe4RZ_6ct5TM_Qwu_-r91UAvs9rYSONSnqP1dLdXMsQwoKCsycs7Enfg-o8nHNJOtc8U_Iv8fogwNzlvGpPuSuS9y-wLjfI7BNG4W1pmDkG1gjkm_D1yKzjy4dKoZAj9O3YxUQHbZKIuZ-gKE-bThM1rTn0TgrgzQlAruBLnvZqvlWvwtPI9GOTtJA_3i4M3cGSPMTCKlsetnnIJ1pEzultkX-iWqrpXb-KUSiUJoabeGbCxClNvA8s_dSHRi8-RkilejjG9oi7iG4DyGm-P7YMp4DY82k8LI_kFChihxZTc396P6G3vvo52OkTHJYBEZz4TD6iP2sDygMScQv0wYi_8YBq6TA7MfxA2zOOedDhe6Sthfc456ACTnbHqXvszGlDlKwuEZDQT4v3KQWDDiGEvjZ0R8-p_c4CZbOEW4b5LjDIyUPY9fnfqUp5wV1QsviQHyz5Y2tJDp7PmxUSPJgaKNZ7prt_Rz6-bifkAh891kmN1mI18N-OgNHOnyo2YF-6jt3kYlUZUqaqL0_4&__tn__=%2AW&paipv=0#footer_action_list,442
https://mbasic.facebook.com/story.php?story_fbid=307475815183849&id=1632714829&eav=Afboxmc8cURmIk5Vfu7HJBxqhrNwLgRoOrAkmCZEuaTqw-HAjNwc3kpGp-NLmtgYzgY&__xts__%5B0%5D=12.AboqFNpsplrgUvxOzCx0M31U7DTAFBByPlWzDOHf5LnyRyskxcz42cGZB5kZ1uDwj-YuWhmXQv3zT6xMeG0YEhxjzyZ2HQFUWHBFH-BmjvwMdDuytxy3LEAAh3k5rq4s0xv0USdlHPwCMVk1jCGTrowT-ZkyGDKLJIea5bTZykcZv8sqKYZxUO0wFcIjn1-f66Xy433aIE3bcGsfzIO2qyOj7i7BZHbdUMZRKkqYScakYQE2fgsp2HYqTxHT_qqbkeEN_baWRDMEz9GMmNBxfQEoMm54tR_LyuO85r3QyTnlnMFWM6dZDjzUtvmcREzb60q8HKHSDAnsl431eXuK54qFMkLvxl8N2JdbaP7F4sSTgg0vfMdLNdJAAm1kjl_gVyfgpwcdE2QaXZKOZjzBuHow77nCuVcXxal_hMovitZvM8jjCWbtkuPWVoQmBdMy-Wk0LJ3qjv1ByUq_s_bgSR7Bf9KT8I5lNU9Pgt0gGWnLCc1CWTP2As4vwwhb7ojY1dhgoX3W9vjTOUp3pYVOftwz-22wt4D6A9HBVyykXzDeHb7nD0c0tElwGd9LmigvgILrZP1qpdVqZUnai5a8LPCgyh0ywCD4zJkC6xDELpZCGGj4aTon0KHRrV7IL_Xon5A&__tn__=%2AW&paipv=0#footer_action_list,14
https://mbasic.facebook.com/story.php?story_fbid=pfbid02U3M8qhDRzbZTFh4zAzUskj6C3LPzUgeZgxoyg5yL42JrARJuhKw1RQFNEXvk3DUhl&id=100063880323678&eav=AfbvorimHhDTSywwtL0WuER74Lvq3QWgYXYA5cNPDbN9p63jSQwB0PShAZrf9E5Te2E&__xts__%5B0%5D=12.AbrMTODbv72IxTHJUPAAu-Ccmsdoih6YiWG3SrSgc3oq-ecuoa2rJRfB6kYj9nadH_X8ix4UUSnxzmV2wraNCih7cKh0e_bw8tTgv-X-VajUJPhpKP1gPlVtx6mhoyEqpxbUeFTu_Ct9QVfilS14LC1q5JK8wyK8dB9DQF6sewm4oQXj5ZnOYczgsFUMBb3mOWhjbyqE_zkqGhw5y8grTy-cYu4ixIzhZFswd4q-pf7pMAGEzm5OUoRR95zd0HmPeh93ZbN79o1NAAXCUOXtEwiX3ksR_eKxCSBn0Rxclt9Mu12ljnAv7_tDhyNXuJQW5fwJXfJL03_HFB23cB8VzgDphTOwBeSjTO4EXP-5fl7Dq-8OwZO_eehOr9Q1_qC2NUnnuB_f-XMj1bTolS4_njsbjPoL9ToqGsCoXJBwue-jm15j40lL6JFMiS98VCIQ1f_qSi-xMN_7yhIJ-rLi_ZHiQapXOcn_9TqBANbGixOBlCTq1TbbCHW4gAQueSzUHeCcKnPgxl28lCCymgbu1xpMEGuCipIUO0cDGXW6HhR8fq1Mly23QbDb29bC3ZolnW08jDBRM8Q9ygJatP3BG2q-Sn27PlMdhbJCcW6ar6vZnnO1-Ivskhl_ixYEl24qUc0aYgCGl7gRMdnzfMXxjpMY55CAdu-aEOiPjVZXLjpDfLkZuivDQHdp2zXcV8phCpM&__tn__=%2AW&paipv=0#footer_action_list,105
https://mbasic.facebook.com/groups/488994701899786/permalink/1473782310087682/?__xts__%5B0%5D=12.Abr1OdV3nVq6cqV9-Bs2gPzyzNsOGnVJma6ftTP7cT4AkMrw2yRNwx5b5_q6BOhqbuthqN6GKvSR-ZIFwrrL9Jkkuql6rYg1RYumX5jz1cDGpi6RGuIfVo6XVAMBx_HA0u41l-hLwbMCvPvLHebvlFmusCIkMfXcuH6Ada98xCraNIPzzzREKE3hWAOYvFSPHZZ2mailICc5uTghNe1O1O-yIireu_d6MKXiECwIUFwlE1WzHfvfmIPhvkKwfNmJF5M3VV6NRcfXdbWpCIopy8-l2XbN03a8vDIGq6rshmo2L22ggDWKjmry--Pkr0PIsY82s5-wJZIBkhhlCrh39N6ptPXtRscFjL7b_Sqkvd2-QZoy-C1ITDy_5ATTCrvngbA0omCqZbpMqMdxLuXQ71NPP7WtzUPbzovsrFkD_MdT-aKYMZr8zWTvIQUQV4IGobYql_Jz-bmmePHvejvgtNxsmHlVGMCUon2RenyTkmNVqgcGp5fSCfGGj18Gb2pFFuD7zmyQJnoZEKcMn8z5NWYRM49jHUGucWWaxFFH_PBZXG6bzQnif-2oLRsRCU4MfcYrUICRw2foEz5wCNq2uQoDG4JR-HxxJBvvs6jiFwVAHnVdmJfaJLiYTxzm_GKJR7k&__tn__=%2AW&paipv=0&eav=AfZ62lIi2Iz0C_8Gkw8neasQ76oxMkzB6aw07DS-gVV6I4PhTo0ET2j5SjrI63SzKRk#footer_action_list,5
https://mbasic.facebook.com/story.php?story_fbid=pfbid02vnttum6TVvNbGvTLr15qM9b6LwafX3YKzbFPCPiXGxc8off855CPyu3HNbPAGLYbl&id=100004986887054&eav=AfYsM31mHnnOjlbWGWHpddiNKHQtfNb3h8BUEsqbSZ1_PNaXtYU9VbhE74Y1zGq_VLE&__xts__%5B0%5D=12.AbochG8Zpc9oE4jXYqFEz-ooqK_3e2IBw3NsMey9ViT2ZOxF52_8AF_Zh0G9Jv8-7oCEYu3OWNlO8_CYoOtQuukdgkeTHtpN6V1kJ-AvezycTllkCyx9bRoqDxn5uBrQEyE90FEZ27y4avLVUYsfDi-TWvOwv5kbGRU3Lv_D1HitMHGJueWuLi_eZEL16rAKCeHhSuFDXaqFpGbaKg0VeUB-kNBWfFRkpS6biUxsdiGxdQJMKTbz1y9Whei95tKh9aAo8Ew0lOek0EMNb0adbR0MkrvYcTuqzhMXNvav4G7OQEkQ1Dmi4jKJuXiVSXq3h93CMycYqoxY1355-QAuVWLhWJt7yfwU5PokicLOtoPRtY4jI2PAGcMYmbPcJR8avjlp2q3195IHrmyBwbeYcjboDMgeHbW6QrQ56g106hpTIBZk66UxB-XFD7lfHvFRCerFvaoPdtNEsEUaN9LQN33L1QgZ10dELnFR7WdswJt5U6YZvHt558eKzSDZCCzDvdZe1WAYMP7kgSjLia5fsHMq2B8iCJp2e5x9kRWGJzpUHdjeXcUi8Uz_uhIvSM55P4OlIgg7dhf-PPwgI-CcqdtpVwq28D82hAR27COlvJ2T__D5XP_e4bRMkQf85bLtXcU&__tn__=%2AW&paipv=0#footer_action_list,20
https://mbasic.facebook.com/groups/2349918941747572/permalink/9716453878427338/?__xts__%5B0%5D=12.AbrqBURFWWApE8C9VJo_H2zB7bRvvJgA7QErow7-w1Tj7cQZAjDb0yLtCBbOvYrMGXmbmNKR4j2YQ__PRZEhNewItmX9diYcUx2E-VjF0VWMlUNaVGERln6v3MaymLI3xjLFvlIVhjS3ngat9BfJ5Ev6kCreIcnqitnA3Hy2aTYyBA6FCVK_gg8HEJVxxxBTCf1viQFIYb_iq41TRwrJMcO_8UUEPgWfdxm4m6iG7I5RzviylJj0zAiXbylElHNxbjLE-wjDwWIwtu34MzvmBaEIoNfjZLC-ilM9ye5odZI_JMQN1uZhkiXIaZboKLWBobvUB1F5GwmizvMvuwNaWiGxktzOhiBCC7uSRF4x-tPiAcG5YSbVQUEuTIeSDimTp3c6qddUeSOgKnslBG6tcGu43g88nFK73hBUmYQG_5eKkMfTTUsFJ1XBFzIrAlYSsBsaQlyO228SrVC_9pWjXlqLJh3tVrC9dRatVcd8YYeZW3PtPWc_BXcHKaE2GmPJg0gBNSxmIAgMIIRxoLoDLTAIx7pEm9IkFHfhnjmVEJTzUou1j01d07E1NkgiG4GDsPRrxJJ6W8kCw3ewZhloteemDTZ3T6TDjh6lXd2zraOcovLdk4P7pMvsoHfuM_5gKyA&__tn__=%2AW&paipv=0&eav=AfahBEY0b6fSPwvA7cuSAdsL1iH5nK73L0jZOz3-qFaHxAJjp4N0MCwYDbU3r5J_qn0#footer_action_list,5
https://mbasic.facebook.com/groups/826420011538739/permalink/1421256582055076/?__xts__%5B0%5D=12.AbrTpY_wUSmYrUdJ6g5dH73Lk3orBglFC5xnoYzD0FTZzeBozd8FoAmu7GlLSuf7ld8iUgY4V0UZa6TPJ0h1HJpggIC5_1Ko7p3ERj3iigJIVDHfKY43i9ejDZ3rHnxZ_z2JannMt6pzrMdlRVT8-dLfP4FQ6cV80lDRs5hrzUliQiRmM0NKghCqJZTf7vqYyMSGBYMaW4J1QbududBPxHrHc-TFnLYvN7nL5R_vUM5vd5htuV42GvlgHyd_jO-fix_tSu-xdqFuHfgbkltrUSmpqn5uF5ouZ9omfkt5Q36AvEWneEE2fbd5KTK9pG3MU9MfBuClEGuIbkxZM-AHhztWferfuzOpNEYo8J8l8ZU2FWh39y_ZYW3Ig9wNDZSwcarYFm7GZMMuYJpVtFped7xY9HLeNfqgGNjopGKl9d8f1A0agkchGIv_DnZayMNuHl7XqQX_vdH0Jym_i-G62urZmKIvBVofKsI9UqioYPE1DkdLVvRxwgdaJfk1jpkkyP_664UeR0A3lPQgHAkduLloMsify1pMFYE3Dfv59AZd9lWdbTyRVS41NEJ4ev-NBqG5p3wlmqz2igmjgcXuvKzq-zfBR-LAphlqNlkEiCmbZWTgasOOfb8Dg4fH9Aa4qzA&__tn__=%2AW&paipv=0&eav=Afbzg_kHxwME-4kjhDYAkkVTE6fDcufG99VI1RcOObhpZIi-PR6gFRFaqEdvKckn8J0#footer_action_list,2
https://mbasic.facebook.com/groups/1176017919699362/permalink/1298869514080868/?__xts__%5B0%5D=12.AbqnLgJ_wS-1cxM-9GWgJ9l1ObEM9wskOnyCVYOXNqNAwL_73Gg45savv4VQsfIwDsOrOTxx_QqdPER-Liqf6OpXfSsgxWqZHmbeuezU7-vBCfCbrvhkNPqh5USI95HlrDAxTBR-ofWWAP7IuZlJqIcOUHBuhgeu8aOcMPNyFCDAavqgWU-QYLq6vrW0OUyPaU0Gay2sdHJNd1VIRZoY9TC9sk9Xsi-94lkOdoffheRVJPno76zKiZ4WpK0CbY-3MESGzLp7F9ez5vskO2H2EBPiUaE947xjQqBMt5aS3-Iv2veljhZ9HqzV-93Ph9fCevQYoFPIjOfP7mYS5CivDeQPx48HKxfbBfNNFDH9859BCxothFBedE4hrRolegp8VP1Q0744ZSJPOqJ-wspAys50VxYJZRSdfUn9-wu9KtQ3XmxQVGyFX8kRDcOJzcAFWNI76_wO5Gsq8956K_seeaRrs0Bdbgojr4deaysjC-T3PJHTaalS3cNWZrSAJQyOT48Frq0FCNP48ALXLbuCcfH26xtm0XGadXLv8dtINqFnFDbUgV2xJm4hbDx9CrsdOJQUN6lysAtdvm50lbBd4S7ZtUosVaoVKJf2w3ao_bVe4s-ml1T4j0OdbZuAl86SBsI&__tn__=%2AW&paipv=0&eav=AfZ3gUiTEBma47Qu1-JOKFglYSa4gi8eebxhZkbUpcjTr73i6cOJ2G6-0B1R3sybar8#footer_action_list,2
https://mbasic.facebook.com/story.php?story_fbid=pfbid02RgcjZxHbfzyb91yEoQufi7xR3uTBM4wJfxpXhKKB1uJk6qc1tn3WBXVknCBJiibFl&id=100006493390001&eav=AfZTn0TvmBHcNM9GO6Bd_4PPu2fVhMGsTVSBbHulKfpA3loOhUIYXt0XKWAjHn0L3x8&__xts__%5B0%5D=12.AbrW2UnzX1uGR_jfloo3W2AHXc9cKvB0LUOyWwpSlcgbNU3w1Dh0TBBYSJS-7nCuYeX8y_6zrb19j-pkhAM96JlYN-hFdj7_g3eYnGDHtXShjN0dG6-KFcS6YpUx4gDm2SSPrciCXIVReCOMqpD8URd8xe8SGO-r8KqZ9J10yPMEgSzIZTL0t5TWbiNEMbihKcbxY3-XmcDlfoYqnF_d3WbyY3LpEEhjoQTg6L6YlMWwGMJMKxUUg8rnxzL3TADCi1tNkUwmX9JfoDoM1RmAZJFC3t0WXLPq4PpZygRGbEKBCiuDmM-fZhkBTAQL0mBT9lhYzLTFQa87W3pzC6ENw12kNo324KLB1ZkELilXRY5eXQ-yRRMwAFZlA-_oOHy0BQW3pLI94IMkkFyY1x4LugycStG2sX9a1j_hIPJH_bAuS3v2wHxaFZpj87PM6PgteY4z4oztU5bJ9KiSiSnQA4zBj_BKAADbeoEfOBKmqV-VgSEV154IQVCoDweDKDD9Q2RYQ4DJRzG55EQ0sE2Ug465qQ1QcF4AS_nfZUw_WiOc6VmaYydAHvcFC-WBvAI_O5n1gT0N5_B8qTcdVFci8S0reBjZe79XtliQbGozcHbqYVoXR8KGVBdflOyqxowmOsIwzsBrbZ4U8TszDcwvGjTXL3KTcu4jHSCwGUZYUpbUCGP8tqEukEL8tw4MJ_4Yve0&__tn__=%2AW&paipv=0#footer_action_list,22
https://mbasic.facebook.com/story.php?story_fbid=pfbid0Hd67pKXUv9WbHhoD5Ut4DiBVT3zW6s8BLUik4VvXRFf4T2nUKx86cWkcN6fxxKzrl&id=100044598452079&eav=AfY_-ivCHf5yAiyi6llp8wgLF3nnJPSElAThnxEnfnQPfhW55TSQTZuR115TroBcMac&__xts__%5B0%5D=12.AbqwhPDpQaXy3950XzXLe9g7OwHZssrZUbofSqV1ESZMymixZk4wfv3HPFdtdJrqFhnkZFepuOdJYq4mw2MPQ13w20HEFNECRlmnPteHZVqFcnXWd_dtoTYJYYm1Vspvq8Ob3Xdg8O1uHzxUH4Z9djorMHJd5uDqG85CY7Th8f9Hg3bB2Xng3JE7F-KbUm6_mK9D4FbpMX5OJG9Met2TRFOqxsQvQvFCcUupEAuI8GBUm3K2tGgI4DfxDODi5F-3WOGfwmPXu9yJMC0FVDZJDZvzxq_Yh6KG2i_Ge-tizRUmQVqpyko2HebKy-D8mdQLuPm2OUEz5Lk-hWRCYC4xlyW_FV5FgtMkJUUOVzA_94Up07GAbrePYAI7RQLNddyPL7gIyPAx35uvuLZ2VdXpX7LjUuCFsD5W2zpQQY7T_NPQh0s4Tre1MbcuQmPKUqtxB_iRDUJu_fkR_RDzs_j2X_EcnI6Kvf8NaEJ72RtdvNgnGhqO9wUdcTjUaLs68WYRBHwrGsZd6ed83lJ1Hfklnvfjum8xsRof3HQmIjqw5glPmWBI5MuB3dxqd-_lk4hEFo2_jvMdK9eaoZGzcO3fuGvxkzMEh0fA8mE69I-JxqlWIAlomgdWQ__u6QHOfYF-lJk&__tn__=%2AW&paipv=0#footer_action_list,748
https://mbasic.facebook.com/story.php?story_fbid=pfbid0LmMu9opSCnsJjBWJqeucx32pUQeEUZxbZN1qCsHSXWMxvfsNEGLRzc5ZMqus7Povl&id=100089759734466&eav=AfYocrJs3DR_EVI7C007FktL0PiHVJdljYlgme8sFVX_l7VETapgondZudjh4uefVO0&__xts__%5B0%5D=12.AbqnemNKH3ChJ6lgcltBc2Eagnijs81cxRYn3MgDXIqFQUuaVEADwtKtpKFBSQSvTW2nLPpiLBLYxWnFIY3RRl5olOsGSw-iHHOpBReH80_QNI-WZQm2XoD0xyACurGyyzCrMnfPttthCSQdHirrwc_q9BRyOJ46X85UzSw3fukgQ79DQOOOgCfBR6OWSmTkK3VMtCIyFu0qnC0go6w7dq_4ddyRodPJhz82k30zcuXSEMKHxmb6fkzVdaniBkyibB16kiCptU--oGszz4nfzMKC2EAEIe_dT40srjHzJ2nBTp880FrQGE2QsBzQbcImMQM-Ew4ZSqjW9dmkGcHSkvQ5Lad_9s_BA24oRoMyOEB4cYYr2hv4GNNrHFvFfk80ZehreGzGvVfrAClR0pipgIoQw3WtHeoA3pdhAiBBimlK_lQZmadpU5JUU225TuUPGpU7j8FG6bpfnRRV-uAMOefKRZPNfE0PJ1ELELeNW1oWtKjRbYw7qaWNCXtJjsR3giz-O17RrXY9ABDtUK2YpxieReov9OEm8IpGQKxXxBJgqZME98rAyZ65iXjq2y38CEgTgHFHKCmP_iJEnSs4zcUTTmgy61LlV4GhvAP18a1LSn8A90X4BByckA7qey6vjKk&__tn__=%2AW&paipv=0#footer_action_list,4
https://mbasic.facebook.com/story.php?story_fbid=pfbid0z8CTwhsi9TDs8hd8LAsWnnH8YbHHgkQWGo1jj6cf4CNhwURd9eW98PFMta2iDrLfl&id=100038525311570&eav=Afb3jX2UNuHC-FX9jNN6SYOv7zZSrWkwcaBe3pKAZG7K1hOMbiVIEkTMzHtx-v7zByU&__xts__%5B0%5D=12.AboVUdxB2e4CDAvfQ3Ehrs8qiDVV_rrWGNgd8xBYUVTYgWftsuCfM6_3RXSDmYfhUvOy2hW-FjKT9ivpMh_iaOf8fqhciwL-lcdhbBuZ-EmTvnTwP3cmNoJmMg9amTqqa0Yi6l4A6QXsMckcZdumlQCF3T4xhnLTmwwR9sMp_3BM2Y_v8L85UnrQ0_Phl_n5P0AMysBpMGHOIICBPqPV7L05dbHbPyE4Pna6ZfAnkjNClqS_xlg-_5J7h7UsljskiS06sEuho91AMaMyhRomdp9RXFW5Q3-7ex6ev_VjdiRiGZzzhoiz-R_Sj00QxFpcu69tjfE_mGxXU60Ws9LhnxUC_5za81L21omxosuUcXaHRe4qqYb5v_E0QANzcwFNRU3_cyUo2LkzM5gS7YTdaQ6fM8A1qik8n-mD25qT1k8AmsveDIioxrFDl91WFkU4mVJ9tU387aBVaOyw0-IlL7uhAge0mrUztcxWK9J0HhJL76NjLClGJvYz3l_6YrIZzZ8tVP7hWEh7mJ9uMAgI-AnHToU2xaeJNfp8LW0pBwCpP2sxLv4fg-s9Is-AZ6a7L06nMzPDCUrchDP7dt06TruZK48ymaQ1F7RECMKwLDDpDn_lNVy4AfPgvQEC8e8t56WPT620sR6FBAr-tCNsOIEb9zyitWpKLfywAdEVQpYP7mYT_rfmO3L4F0Zd_RCF8sw&__tn__=%2AW&paipv=0#footer_action_list,3
https://mbasic.facebook.com/groups/bds.ecopark/permalink/1666895383777067/?__xts__%5B0%5D=12.AboqcEdIUKxnwjmG0AssXtqjVG_x8b0XLSEMRPTCC6OA47AkQOsdyqAa3qdalBr8jJ9KGR-Y3RLyNkoLGtNc9tgiIXhGgH5s3VMuV01PkVhTL086Cj9O8ZKDXVg_liVNcvycZ7RiOSe9l1XstHX129Uy9EJnJD_LrLMbTq4hn-Bob0L8HGgbMpGf-chCHZvKM7zShIsBrRXLRJrzeeYgmQnZKfIzV74dGZdYCxjT7t0Oeu_elFZ8vxt6vFYAzZcO9jueON0orS_GRR2fIibziqtCeK39EynepQzIerpz-Nf8GyvJNfbh_ZjWPKv9jAF19KnIENF80_GdUb5cCqqtaJOJPTJ_KWfiYTRWztgEvyEJi4Ed8mxD4Q5zPr_BBKSLR2xYqlFzaIPPo3Ucfs0_4DS7mSvDkpDkgdYPyQmpsW6oGXrhnokHdD-Y1Qp9QIvwhRLLFkviTMg1E3qL_EkmCk7HGjYLMmukSecgPtY7UExqzaUFz56QkqMyjp2GogqkhT9NTf08ZbcpwZ55Dczg0Nlf77aUJYgs_rE0Pcj107eMyiINFexhxku1_hYFp4cN50kSweVr1pdgp64C-T64-i1k6tkseT3cNoomOzlAt0GsCLjxpRqGndPH2r-nK8Gh82s&__tn__=%2AW&paipv=0&eav=AfYQGcCZRfvOZd0INFj_mnWSGyV8m6kZcUAq5pURidxdhvZzu-MOLJ_zEZ9sHZFmHNw#footer_action_list,5
https://mbasic.facebook.com/story.php?story_fbid=pfbid02kbXJTYqxDhW9htBggMtdFd363knnEDcnUjXgRWwiKGyaPbMFLp9tGUU3d4iy6eS7l&id=100004986887054&eav=AfbqWnuYo0EFZlG2zfx9Mr-PNwYdUfYw7u9kA8TmnuxeTzpsak3oYwVj0AiDnFVBIgY&__xts__%5B0%5D=12.AboeIWH1zM5CsvjSUpzTxViuez0PM74-pVHFZt1tAtp_8gKHNornqHi_Puo-cLv9ZOKCjdWvXPhIyV3pV77lF3xP6prgidD8TrAksexFSrhmP0ICFhWbf9uvNNHLmBNHK5qSaESp3-LSCq4qOypBKEajAKd3VqBn9j-PLMfwPNBRks77jNIRYdPqt09prN92Y7toIXNWok5r_-4ZUlVj6y_z0Ki_fMlJsP6K1WuNJh3gZEL-HvT3NoA66lJIi-HjS64fjA5WJ2yUOu0P32eI9IFcrvdnRhmBsbghYQgV8GudoPqDI2kwtmkIMflId6kYRXBONYhdh_Dqjz5qOmDuhfVGaKokN9OnJr7wMfqplUYqtrJAAgsVD0jy-TwziM5MP5sJ00LkL_lj38wcwt04aXQoG1dszd7FMmgwr-fcYSe7pt90jB-0VzNGmqbZLvH16z7f-Qh3ehZPNYbllY8LtdduAjPeQLAJ-DNAfa2LjYLFuIaHt3Sm1WpMmw_CqxOyAc0p-zxdDaOqXmynYQfddmlRHjE_IbA0aT3Z9rQEnSciYPZEVh6y-8-Kr8iTmrE474wTo2osC7TSEC-QuIT8iVlwpYn1SIMTVE9JkcM3tfKr35KI4l4nlvYE8POPoK1i4vY&__tn__=%2AW&paipv=0#footer_action_list,7
https://mbasic.facebook.com/groups/2349918941747572/permalink/9711361668936559/?__xts__%5B0%5D=12.AbpjAdRhNNJFAcTyn5zIuxYJ5C2Ot1fB6KyxmyeN7rPsDlwdvbe_Mwtb3CkbXCtfEGyfhF560Whf77E0J_nrHO4mzpwdbW7rE61e2H2-tJLOlhtn0tzzOBuLntmOpr_e-rgiW8CSvnB8B_z9tHr8jfdhsjPrDNsB_OuozX3XO2G37nQbiw_SOI5vIrl0u9dr8g_3peUx-rXoeqINNx_fNycRaSaC6fxPZicZG2y83-9B9VVUA7duGcrJb-bjDzrQAn1HczIJzeBJSusLwUfq0cfTgyFSFuXEWzNxAVCoRRWCaU9kqh0fgl403isGpEfbKWnr1LBX9DE8giSAPz0lnMCDEoKg1QxHWw6Sj6F3RRIrhj_6Gh4HT0ukxqqDnC8SLmFrT2iZu7F9_BSujgFVS-5efMLCnc_bUezg80pCv2X0T5MEHeOb2SotDVj_61f0WAN5HL2-3rIAY8U334WqprZkMDs45qRagJp5FEnFU3nXESEM-HPVrWzxHkHWxubqLnhDuzJ3TDTpKfEiRWhGMw4EO5OOzVbMMIdCMW47Y-e92S9tLQbr1ZEnJa0NDxDqqeqeMci20ldTLBjKPtbsBB9PIy9GnSmjO8UAy_4K8d7kZpE3s5TcgeSmWza0_YhOy2w&__tn__=%2AW&paipv=0&eav=AfaBWBaM4ja3medr0jpdaa7BuK3xwj1x9fjMfhDajXdQZ-yJaYZBOKyEv2nVdlWkvSs#footer_action_list,7
https://mbasic.facebook.com/story.php?story_fbid=pfbid0tBroPvqQqVB7qiBj2eVYjKiotsupHjHVfX873W3Y3bB3SAadAsd6sWRcDXWWNQzZl&id=100076278814658&eav=AfZY9LH9aWaXtdZ40y-Y2-4IYQ6X0Pz2ZiDLp2Fc03tJE4-f8wqvzKE1N-tv3RC8Opw&__xts__%5B0%5D=12.AbrInsZkADSMOzDO32uxTQLTcgMyISRTvT_Kau61wGGEqRqir1YdvP_xmoXg6cABG7y_cKZBXM3NkPD57VzPpiMnkjmKCpS6o_SRQNLm_X1UDd8xOOV1TWI9NeOvMRt94lyp9bXBRqf8_Cia6oUrf67wfZzi_wr0YehsmifxC6kxYEAsAvjddFfwNvUwqJY3eZIr5lbwUbNVm5uhM_xzhQn3XGrSkBFakbbcaQo6sPx7oNNhzt626gJfjgQ30sgU8n9bKvm1i_Olv_ui-c4memPXnBDQ7fb9XT7VgeA-da0zQQANPpg0iruqR4HO-8hTbnsoZv97GQ2EX5RTUN2JRVN_a7vE9kBgiN78VCJFK5KoQWAbvwSxmurGMwv-IzuXw90eR_seQPy_DSNBEegbzchy2NAf-dj9G75b9ResXFAQDqT6Mw5GCPxQNf88Y5YkadP6H5dQlz0siOjrLiyp-dmfeZvP56W7vCGFeGmLmrqbFAFwia3tr_JFsqEOIV67CB_HPDP0-slS8l34P0GIotEGgeX6dSaKhKKYz8G9piIKqVtcXl1jLRJnUV-bV3U5EeTQCSegi3L-iHW7GzuokT5k0-Qb9ZwQABjDYdpRjKGBv4RLXTmckez--5exdvOPhME&__tn__=%2AW&paipv=0#footer_action_list,3
https://mbasic.facebook.com/story.php?story_fbid=pfbid0oPUxdL1tRb5BFXxR4Vxs863K1NNee3NU279RWF9FDFHCuZuDHXLdg9q2QJtJ2VQtl&id=100044446868923&eav=AfYNfLVW90AQWNA2pa8Ae693uDEixl-D-igEFVJZtncYlegWtZVvvwgh1LkpVtvCb_M&__xts__%5B0%5D=12.AboCjB9sfn2BynEkVhRwN3-Sx1qXRx3ylh5w3i3oROwSKOgoTB9phhkoafhpKi1mCU7ld4yWCZGIYcmuFMbt8zB7dsTvhMoVV7AZUVButgVOLANub7UpZ5FuE6BCiBV9u0NslYna6mZebY_Es9-C52Nnd-48Z8zRfMPs0haWBj222YQhhAv8aOEapHYmlstMZQxQdmbV6oEpwGYNLVHzVRm7TsRo2cLGNAN4CRYIWr8WKaW7NZts1wwpxeWLHJBlvvDu67BP7puH2Z7LMQvv8FYJpp-sBLPBWxrzItWRTsOHbzjUYRWSnPaujcy732RSi_-TsmCKCgyOgsrl5x6_snPCsLS1QyoE8x4V-3511gWN8Dr9GtdE9_9ENspmmUv_j3P4ase8URgnnGqRo10XxGufdgp4_OlgMsjkndy-ZV34012bBrEHK9Sp7QxTl7YGCcVNQz-kNhOMAnCQKHqU8CJZM3bxybXcbNMaj4_tGXHKdp7vAgkqggrm_ng5QsKf5A5i2emcfBK6TKHPjvbaI9YGcgaL8MXhs5x1TrPMNR4lqqxsro7tGCqgzjp_8LvFiTLduc5in2rMWRyDOZtETre9TanIMLVyrx2Wc7LUQIwC9JkbFgeakTu6tAYtf7Yu27A&__tn__=%2AW&paipv=0#footer_action_list,239
https://mbasic.facebook.com/story.php?story_fbid=pfbid02zMxY9FiFXeHqKyKJGKQGvdP3xJsn7qo9v4b3yq9wLd7xm4Rcdp465RsYBfh753a9l&id=100064772583943&eav=AfbgsXsWh7h_XHz0i0o2AvycwbomfOuv7uyTR2X7VkCQNDojwKbq5cB2CooRPewM-8s&__xts__%5B0%5D=12.AbqU5YlP8KsZG8uyxAeEtUoPm3bep2aJqeYKF4HoyA0fulGP3gT9ezxhNqdM4Gyf2hT_DNJwtCOUIYyxLm9lTM2ONEWeeX5u2_y6x_YyBdVjpn5MbsYv60CxVmZOHVqgELVgBXISjRzwWTmLf0CBVTpQ2rKQV1t4WfeW4YlgCFVBQgEAursP9GJ3CsRhI38zPFSrpjBi73znc2tnZaygMy7MtSQT3HNMHLGfuVNDhXEa-SmqNjMZBwIfihipYPESskmFt-wGqcM-SEHmP5f8hucb9Ksiuk6zNeinXlk4iE-meZdE7qp059HSMGNGQJF6s-Cb2ijmdBf9zDp1InAo0n2Gy2aWza0uqj9onSVFnL7J6gFhc8Ht1vsBbvnswpcOAdwSCs66Xz2OJIC-qtOaOjUZ0yyWUuWgAizqKyabDSYOAtQ6IUBJuBaCJCwXSwpfYA9qz42Hev-ehdBcquF46vk7Utz4AzsMgf7YJGstLLrc1NcmLYjnI6zJDMttVuCt-jk3dhomdJDcgkpuYognviEU4Lvv0nplMeli5dy-SNOMy8-PNNQxbdJoy6CT-qYWWV13FXXIlZj-meq87IjhZUlUoa932huSgFCoL14ha8EYlZX7Q1lGhkEONbmzGcNuaMhtnzkSjbPMF7OYlJMyI7LfVHtvQTKjiPW55-aQrkiYQIFSGdU3d180dOA_N52aZqk&__tn__=%2AW&paipv=0#footer_action_list,48
https://mbasic.facebook.com/story.php?story_fbid=pfbid0dXDpjMCqmJdHwpH6NB2nDDSou9z3AeHdAR63eRUi6GEg8S1tVuoM7cHkSM9qScpdl&id=100089759734466&eav=AfYmFN4rBLq-1DBn8AbHbndm_z7OwTM7Lef6qon74voDLyYqWKg85hNPFHp6Qye9cEY&__xts__%5B0%5D=12.AboE2ojNflzEZHMY359Vg1MKL_yb6YIoRHunrm5rVqgdtOIgtPNFCHSv8k6vYYrAU_NTshhP3GXh-CdfiUt3Ei0yf1LZ7JChubSQtfqKA8D771MQWwhtOW4c_zM5R5KFhblZtF-I-VDMlOfOgu37D28YwB9zGLtqpoCPVQ7eXIhV0Enhyo-kPI-X_1FPoLj8P2gGIk-KQ8BlRIL4dd8E3Dy161jhH08bwr5gDGEmT-Ul5moBFK5SHd9eVKuJ_sSsiIP4OYTuPEH-YAGaiFkRRv-BfM7v-qdVgpSfOkd5jqe59dt2O310r71rwMZG-fh5b1jxcpVrbBaFNSWZd5lVO9ZOpjwPYmwMgJCcOFRkjl03WRlJ3Q1A_N2-5vjqeqBldFnMdsF_aY2MfNdPDbdo7ItR-eUERadbk3k-OZDGmrafreO6OjLwXxk27dY2GuWtsoy4z9_b93lXOVnE1nKSr7Qp_jxyFOedLB2fiTWqhLEpSe_sZYWS7M2Gfc1DBdycZ4UmQy6LVVospp2hFlndHx8tW6X-QY0SWlRn3ItIVIMRuVFVqBqN2RZXuk_ormND-_NzgwA93s232Xp1zbj3QoFHaPkvz4X3Huka0yTN-4NQjLB7THbBJ077hSm-pVA4UiE&__tn__=%2AW&paipv=0#footer_action_list,3
https://mbasic.facebook.com/story.php?story_fbid=pfbid037eGqSyGjXwdM2d2mFajhWezyKaLySUMUWfGXtjUTycWf5tm2ghxhdbwk4LfH5cnTl&id=100053274794477&eav=AfZUwduZSJsTpKW7uoHnVMXgJSVud-RUnijnKjzkcIJ0sBQxr39Rr_FfcECKpX_QCMM&__xts__%5B0%5D=12.AbodGtOdYI8sv74ZqGl7y8vLkuzhAXBJQuDAbruhRpZUQuHJQHdNiHYGc8BRRk1AftqDtDFjK3yXCA8kLOuuErbx85gx2lbx-TLD8GYB_Tp0jNGav3_fFTKe3P-p2HN6FXDWV_4nmRzA_rY0X3YdPNLlLr3T836MMibxsntGSziAyjYMMNU-8hQootaMyNwuZEaJjKZaMi6OgUSy86gXDUJRh1TIEFLm6S-b3SvVJpI2zbxVYQ9lCxNPwdo5szAA7V9MNhs5UXvLskN5x1hejlsQsXRIXJvxKGEAVklR_CaMy8yRBZLWMWQDKz1-cydOGnkh8s4ohhc_afX7R_IN-XOaePYWIpMOsyqXcMxONDEX47ngtKP0lsMmGqBDz3kKyIbAgU0yXSj8u6riWCrGhGqpZObQzII8tmqjhqsGdadDqABCzH6a2XUw32vhilenOinoiOOV9W5YFi0bfmUdZya3rzu0mMDmX3tk7uEZTYjjn9qlaDOEQPZ81cuo7yj6IVMjXTbhoo39sB78QbspwxETRK0zFpzXGUwo1vwGsPztYzqg0P8htXXgoSO-GduZjH9iZxcEmY3uJKc82hG6xlBXZDAjrabJhg6vR2Lpgs7Z7txtz0HqKJvykcaVZ1u3kdU&__tn__=%2AW&paipv=0#footer_action_list,287
https://mbasic.facebook.com/story.php?story_fbid=pfbid0SJz45RscQzGDdEhRRv18z9V1rJuPRLqSm29LRBLeNMvhJTTuJjCWbQ3QFzpWSAzJl&id=100062993211723&eav=AfZ9mfF71x-WnBLWXjhfYWPUevNaG4u_pbi20ALCp9GfObnqIPMSkjMMxZCQzEicvgo&__xts__%5B0%5D=12.AboZvj5IBC5FTsAnH5aPYi6s6BVwkJ4k1uq4jFmPoNHJ-C9Lzi4n_gntBDXKLUG1GcfPGnozVqI934QyGiq4cVvYiyscbtpL0cdtBDRI_2lLszxT4mxbLGVNynQt22SmmHnPRlhkiUfHgE7hbw1I9GnCRZMgt6va4scdVtAaTDu0OTADScx6q5k_FNr_ewt0vNkiPgI8ResfS5fyr59SXNJkZmVc74l8Csm3E0FMnbMN-VK54W2m3R8Gvkpe6qItSGOAa5riBRmHXt4itd9dfkDk-qe0pyP4TiWlNcFYQcGeBQGtA0YMiceYHwO5mfBStJ9MC6KJ2xmpjQNtrdyUoTIL5kpWGmX_ShvP5blxQuO_H2H8UpUXq8REYSdx-CU1YiMcLpJjoB-Z0MWlUfgP1Yvffb4Hf8lzafyLF3sggCyDjzEmZ0iaTzCSyl6tZVb_ZoIMT1R3sI2OoVFYmbJrq1apXZ4EkJApUz30qMFio2Q_D04Gq2lziUskSyl2cEVIEa3Ajen4_X7J5fqe3V-ya4foWhxHhRapLCTofS4ugVBJ0tfA-Eht7DeZRu5rCiE2FYsBwppNAx82eJwj67Yit7th3wbH3AyvGg8SPjhyNuQDgCXbIYWEKWPQWVHPOXzCZyelTK32W9nVtpBaXO2UkoSURaELFvDTkQWrMPYM9ykPH3-4D-i9-FOd3ZtKIz1QvKM&__tn__=%2AW&paipv=0#footer_action_list,191
https://mbasic.facebook.com/story.php?story_fbid=pfbid02DX7teihWQVjvbACUVU9LtXuniEAY3i7ocjQmzfLZ93x4e2SdzuesCzAsRGLAziAyl&id=100042462064668&eav=Afapm5UiBoOg1qNuYo-UyGqEEsB3Chz-rXYbEmigbvXAUn6f4RcOdMCmvWUitWIBvkY&__xts__%5B0%5D=12.AbqJch9CMBu72bD4pUKw_azi0Ud_8TeSY33gIjVdxx6FSpxePdUbco6cAmRpgeLz5h6E8HYBy0scLnBYm2MSe8Sztf1gSWAShAw0TnJSli5NulilAn5qb1_n76I5SKv__FbK1NRYIt8VmPzbyGs4wy_1utTct7E4_xsNrVyhMFH_SdSVipSdRaeCqNVGb62xIblPnu51QctEz6AJ2asDLlNiNmNblrPOw-GaOz09MkypDIr8WGNu74VuYgz1bez2if84Bf6yNu01pE7mn-UgtssWyPbZp59_nhHvFkm_KlFg50az4TFTlo259nb25jFxzRZypXSDelcdlfoaU0sH2HZRsIm95SCRQRsCNxfPJ1FNJqkXPwgDIlU8N_xvw5p71-bsFR5bDjZC0UdB28VS7IIB8PD-9-XRSi86I-2LOcQpPOABH6-gJoICFZZKctCkQNHQdk-IOZufx4pDNSg_JQnSLLF3nRTCCV_wRU3U-mnMh6IFblFMrcfozIKCAhr8oj0sJdFNMekpBdMBtNhR9VRRlf3kfkHQaMU8fIaJiNMXqfXo_QV7nP_UjHHquFsP_k8TcvXfpaRRwLfUQJnyzTrzuhzAjPWf9hoargp-OJ4MgVpg-02gljZHG3eL28giMhoVuG_ROqZTqKjjHJ5Mmozx_OIkIiQWr7myNMJKSgDYFZKfVr0SE5vNZLnAU54R_EU&__tn__=%2AW&paipv=0#footer_action_list,41
https://mbasic.facebook.com/story.php?story_fbid=pfbid0bKSprEAXaFiLgaRsWUXevzBdyzTCCTawM3ai4X8idQgt66WSQi8XZjAgUwUgrqNPl&id=100004986887054&eav=AfYxLqtGg3iM1Aw1xEzSrIJJB410EK6SGgzk7bO3CQIM_LGxdFk9OOIto5caSqqeO10&__xts__%5B0%5D=12.Abrrv0DLUPxnPiWc3897NKstOby35h4_8Iz0wNZZ17obwaMCQXU6Omt9JritudPd6Dq5TIU43MHHKDohILEKiyqZZuhv4_K_SnTdd4Wgnk_mRQz2Bsc0tc7PCrx7rss3nP9S3iC20MXkQc_8pHSVhvgGru9n5Knig0H6oA3BOa9jZuwvJhzfOoYdNisCdm3bdjd-tslFSeBIrLcnGyl8whlnJMpgCHW21wAVmNb6DXxQ5AG7vDD-W9FqmZu1mxb-Nwm0g3XeXJGT4V0_Mwzuz0HmYBSRW600mD602lDr70nwnf-urnAWmdLTsAuH0bddKg-qfyZ1ZuhZkPVi9cSt-AcEMx460fSCPXqK3lKgKkmGrN-ijGVD87eHBfclep_CaeBXPb5Ji8-exAuIq2xCPRcWx_Jm6TipGWEfpykdhkEzsODZxgPNRmj4uTL5qazOjTpiLtPbipsCjohvgsgM7iJUlJRNJpwAfwSeBoW1-SQsftSui7Zaz_gzMa_lPqnPIVRvOTwOwnGsuP9NzEEkt1JnuWQKUHKPhQWe7cgcQY7FYIXFJ5e2hoVepc1VZf9B3OcsxfWMwsOC3MMz4Cylu-msBMGL2J1xUybg4q3GZfGiWMuEfYhUpIM_7-1pCuZVFjAggBmj4SgIR8oWM0GR23X4moy2R7STx9HJq1DuGfavMp4aeRxY0Bpx9IAcc4tM4yk&__tn__=%2AW&paipv=0#footer_action_list,4
https://mbasic.facebook.com/story.php?story_fbid=pfbid02bQo7hhcDo2WNzorMc2oSp1JQ9CGjUaF2Wxfes52tMEP7n6bLBVLVitzxKL8Rzgk4l&id=100011412622760&eav=AfYvP9Xfl8exVNLY996STkiVsKJGrzW8hKBAcGA7gD1kBukQAoCCWiS7aATzubWSzyw&__xts__%5B0%5D=12.Abqe3mkpaRiDoX7JcDb7D67rQGrvu8-XMqCYh4BD0Zr_eb-Ew1Gz1vWdYyEhN55M_FrnGn9henwOMFoskCCEqSENdvqIs4shBA7XBE9nxLc70deERdj6BiOWxsIQ8MLoycDiznq_RimFrhtoGTKlV0G-3l1idEQYV2w2AG-NH0xJIXQwXJLhY7MxnMhQJs_j0Fx76KD-XzticdapoUTxKr16qL-DMZfw8T0b3EIFr5HU9GDVegyfzgZlWn-f6RFAIn-v0WRUZO-t-SrXcGcZ2_MBp_MCT0xSmvO1blm3g9cRxWc7h7dhJ4dc9bxad6UTv1OI6hdCGbPx1mehZxSHVDxScaaslv6ZX_g7xSqkMGQ2MXxY80r2mSFAOGCsJbeUj9wLGXBG6JsmJcdoYfw32UYeX_ikmv6oGH_DIdeWFT6zN6Aigo11qmJZz7caNJtO1kqBdI6_2vDLlUEe8jZ9ISTCCJxPK7o5O8JREKHwZodn3HT9G4Lmp2wUl9I8cOmua73C7VUAacaJEB62C7UmgN2Qb_FhbqAXymI8T1h8SYb8pQRH84hw0aDSMWmse23AwPGBBvLrwGt_G5HvixjvnOLVKCr3-orZdDRPZHHX3bYa2WGufnSpPkayutqD5FlepNU&__tn__=%2AW&paipv=0#footer_action_list,13
https://mbasic.facebook.com/story.php?story_fbid=pfbid0KebhiPcyqnzpni1ZqCD29oze8yqfZtjnMLrJ4SeMyBGA7h1wEgaGwFfKUN93MTs9l&id=100089759734466&eav=AfZ-31s4-uI7oi17fdmmxUD9a_lNP0ukl7_Ztj_61zKxPSCWB4RZ3WsBV__PrvWV_Fs&__xts__%5B0%5D=12.AboLz5_NdC2pqdtczr0QtA6gA1j04_Y1q-mHcU4vtGLeDZHBpQZOlcrkwokQAoNrxOJl2yLYZrz0XVqvNyruWYe-7bGj2cZbD4YqbbpvK2gWWG4GH4EqE62JruKRUv9N43DBUt_LJM6LHfmVXGJthR5b4YEA2386qGW-aFGkusFKNjBBXkR36ViWfh_pWKFDSotqwkjKxqFgdVIeBpgEHqCQQBBlCgfJsP82r3WMnj-4e4Efsgre1YU4FMl8D9So6z0LSVHM18xAgZfVNAlk4qpDh1PQH-pp046ElxadTtqxgSV_2BSAv3KzjLKYgxsMAipfabI_astNvuWR-dhFc0euIyFBUXHbKNqojea84hAJWpxBf0HgFWaWTTpOv9KkWIvSuuXZhdESCIq9qxmIKmEjrNTgtmGrFdbbrFmXLfnGJYvZ0BS1cAO3OElmUP3fLN03S5UMl9EGZFs_aTGgRJYYQ3e2Dxb2qJugn_gHJkVZiqQrJL0uoyBMcjZ18uubUQzZuWzUAZUuuU1L5AGhhSzMAWoY3Ydy6npqIraxPl3GM7y2nzVPbqqWMMxpU19Pt7pG_NbizAPiICydM7DTlz6yFL6VfkStWmEFOcmtjt5ZGDHl_hG0ISObnnSDcUXZSHc&__tn__=%2AW&paipv=0#footer_action_list,3
https://mbasic.facebook.com/story.php?story_fbid=pfbid02C6ZFFW7tZUkhjh5jDcgPVoAzRS5upqJkFudDpaojqcU2TVprTsa2TXMMoyYL1mjVl&id=100063838084923&eav=AfbgZPOlVvM_KN_WszIR97vFxPuE6r_c7qUWG1ZR57gjl9id1zeG15JD7nzpiNpNRss&__xts__%5B0%5D=12.Abp77wrfOfC5y_8tw-Y92MebsynlaiFvqEV2Xh9GAA1kfJ30bjDk9V6qynsbHHI2GLhyy8Oq-qAaPAsXYD_3_yQLEPBoapMKISZISmkH1R_tjXvSMxHLpPmiXShKJDxzXrlR8NCVVKLMmBbY3__nQE7AfywsLuggpxqfL6ZWxebba0GlbptUcn4xG1Wlz2AoZx8BtqA_KHSJz-gt_1n4bmTnRLYLi9iYvnRAP5flll8buqMm1aQaSFsOeOUXtzw9ReDbKf3VsAS9_UxMqWyC2Tn72O84kKfJgyLFulvYYGCyYeeuNg80o-HGgamX9JhHxmFtMAxdl647yivCrhmpZN43KuHDZWeZ15po2-PS1gHwqCMzfXg1pwA_lnefhNmgl_psEZCeNZx-oycwzFb0ZeUHIYzaGg5l2N6FNVLtlKBYm0R8hFP_2hhQb1SJu4ix6VZ7xFqDUp5aLPIfL0Yd2X8EeKFRmT-B8zkulkvZYXvS0KXhKST6Afe6HSngT69m9uVlnijdyaBTU9V7KGA78yMjHKmD67oXAqYp7R-6-SvhouVCFsBquCyTqKU1yHJeXNOlqBucGMeTWvIpOcaAyc_9fr3N0Ql74DLHGBdrj1k3QpvjujpxdS_oiQrfpVuraOM&__tn__=%2AW&paipv=0#footer_action_list,348
https://mbasic.facebook.com/story.php?story_fbid=pfbid0yiVwsj6cgxMhcw18GCkuc7EMi8wEvwhh51x9AmGe8DNv7ioyC9XLb2r92GWYThGBl&id=100004986887054&eav=AfbtAMfoIq_GleW1jhvHpxK_4hrhWrBKBDI5rhBT7SMXdZ22TYb84GDAiBYsXq57ZKg&__xts__%5B0%5D=12.AbocoOf5Ty0ulo9qfV36eguXM2jYkfhtZp68PTY9Bxmq3d2LxeJb2mXFld-yv7guKniJld0sqtApH-1Mp-h6SHeriDhTaMXKCa2hzxZVQnhXRbciSX5uSttHPalOCoQFnOIH1FNGEyrwn3Kxqiv48cJtHTvRClFuLszMzRdjZZPQb3rP0Hs_29pIOwt9ng-eTegRUKVKmwfpTkG9dpRIpguvTdH-dsj8TF4QPKS0uvpCP_My16Uac_upQQfwepizvHkZtO9Lpj_7ZXs0hIIOM0bJzHi-HFSkWB8hrFlLqKy4nzNaniurZKkycbm1I8aOwehove23Qf8wU-xwv3MQmo7x1AaM9CMEHx6H9xAhBEEKeHUMx0VGw-RlaPaNxGWZ5fkmxpPt0iMl1p3WQuGRwaNPkG10InPwHned3Aox2S7dNB23TdmdWdGOD-VvDGWcMDjkzScVC1WM0sLmrKoMXkTn5lHq76VM2b3cu1y2aYq9FyJEJ3M94pLX4clYaameAru-r0jJj-_Qu1c75O6Y2qcc8Zy7dgYKMPIy1vN8sNkD_J5hUnqFcppD9jEHLyCAGsoLIJT2Csw4tayiiEf08bfrvRQRARIsY1OcvV_QlBoGCeAQKFqyM1btWPByWMFrtOku844_ilQs-GD8CYTp9gvN8PxssMrt9doxJywfJhHMScdvW3vStEhaD024tpRNg24&__tn__=%2AW&paipv=0#footer_action_list,11
https://mbasic.facebook.com/story.php?story_fbid=pfbid0Snixk9DU4MX7Lbo5xRLASfFh9rgmPFFbLVfN3frFnog3cgWXp7y5htfZwWqdbaVxl&id=100095215712671&eav=AfYnQ4pn_9FX5aTUyt9VzFkGlrd9E5HHrWPmspmfv4TA3E6b2eXOMKZH07KpdOtsZzc&__xts__%5B0%5D=12.Abqaztitc2Pu8ni53ugtXD7lM3pJ4-ha_kiRwUn76Nt3EdF7gi04To8BOtKhyCUBpgFKD9HDxwg47s3HQMDgKV8Q1FTvuv9bmG3IKmcpl39H4L8brNw9-0JZcm_rkJbHk-Z_yXjJ7cHVPYg9zR_0eJlF_YLGKnwOCsUMm1ebb3kMYebJHm3EuokbsniAUob1witn70EAoWx_i9uscbO8MXjOV1sUqxOuatOat5YdtBnP9UIEbjuGL_3e1vTs1h6HvI4KnEnDBW0gkz72JCVlZezHnKYAeNeEhjNOBBud3nLXR_Un84Rqdg0B-JXf5f2e3phcsECvG2G7QnefuDzw8_ik72XobgUl_cUbVXInfhr8c1Mo-stFwjtbDk5GQqCmLOQO0fyVK2hyRQ5ZC0MODFuoGg4sUrXrEKRjqgy_0J-DKrQlOIItXfu0DDXTmu5giMY4aqM7FJZGk5zeEN-wgvzEe5ZDUYulabd312rePoAAQlsGhGMIvbsGR4RyRiz7Qb77rnMdLEIP69ES3TB5MMelA4cUrlyzDDfk7tC3V_d6xso_MTGeRoP5ny1uPRXd7rx8MdQLpVym2Vb8PnlfvDLiUDGUl-yORCBwcJcGrrvA-kwx1pRlklFmiRFK0nH-fzE&__tn__=%2AW&paipv=0#footer_action_list,300
https://mbasic.facebook.com/story.php?story_fbid=pfbid0qL5WJH9Xa4BP8PWknL6yqMCHJhTe4gmrujqTEQbXsq2GeUvZuZxJpwzT3LoKNDwyl&id=100090179824883&eav=AfZ6fljak8Vp4jHupEgwLS-ENaqp_96nX9IzjVyr7mOaXsnbWLdmxHTEEhCM4vFARtY&__xts__%5B0%5D=12.Abqs6bY8rnbALWdd7sEG3VMe5nJPjtos2Kw5Y0fRwd0leziuzVTIt9Ob8dBarXYXAEW61mNnByjpSijWxfaZGclRg6YiFM9KvVqM3uODFVMkUIM1jgtV7p9GfJ4uqqX3dkyaX_XjI8OhBpXV_fcHIeivlf6CTvTOrPaV30FWaIMiZl32lt27iqzXDZ1-LBsCuSNIaHacNnsgfIZdzZ0_twqA6WisSt2Jg_DQVNEXlrDfiID5DsZtQf6iRvWkislMG_vBbQ7dXGfJScGD6BYNrTnm42lRDjkrgrIk8o3On6OyNHxm0zwin2gd9IKS_oPQ1NfinhJY4rnSD5SyL07mpiawP39vw1evqki8mwkrB9-FQqbl_pg0778DFc-v6QjZxLO8-5-S2vzPS-IoSskmQuEu7OZKbH7P9Ezlt9zl0R-CMAwaajRFsnKPr9xtIf8fM6U7jo6FYprUpqY6a1pWrzv4rT6B9MB3WQY4J5yR-GxatAlqDw-CYT2zo-NTy1ZOMNOBBelWpjFj_dlyzWUlIUXXWLCpclnkzAysaKO_a_tFsMG2MuGgp1b1QGpT76vXeL6hRvKovJsekhsYZpfnTEdDMG0dMgNALCbcfaucFhByqq9zpxoS2-e8KG5lLdNOd70&__tn__=%2AW&paipv=0#footer_action_list,65
https://mbasic.facebook.com/story.php?story_fbid=pfbid02ySB2oKz3FSB3NpoL79qW53NCxBQYjzXLvU7y257frFGnjTdbxpFubc2BEEe7aZal&id=100003022138184&eav=AfaZ9YdWj-e_mINHkEi9nALuIvieA7OHkFuQ7NtAMKbFA4wUQvisX8pR0zfpc6H6cNc&__xts__%5B0%5D=12.Abp5pw44RKs3R7NKBuixmZ8JHdE2jU8lEHGQ41v4xlBlmsSGDQTs3EZl3CT8XCFiQDzLdvUX7sRH7a4ZaIEu12_xErlT0P6AykTZGaTipiYviPTUgE5_YGzoQC75HyXBbUjUggBD5gUBmWUNll9k-oALD5xnYdzIhtXQhI6VIJujDWZ8J8LcMKplcxkhMPP4usgCpC55nRtbZxXuJhs8oBYEu5YoFlCSSzc5D8ULlsU9MyLtVTwxQ7Ih5jmKNNQEm_3GKJFjFxWNd_zdzQrQHPbzqB3BBXGK9wZQEeqD-DWFej-PoQR_2ckCy64zbprElOjCcrhysFvS_-PdolAhYjxnVMct2nPFiJ4PBDwclChKngWnm_Nx80MVL3DCb5GRzBAEo81QRMjMp5JEhCP9LslIEBsUJ2pn2AmLA_MRUNTckvLPUnVINh5IJDNZje1AAnEIFMB3IfUwKCxeK6nrT3OGrTCkdOvONVvqJqaOiY5cwKKjwPmz8k8cu0fBVGvc3SXhqxsIAHrNTa2wqBa4rLuKftNrF93bYrrqi_Tu2rbFFERtdzU1iF8p9p30fJogjzaLd7kUTmCkgGD3erwzFCHeug_SFKHHMCVZ-2Mv0yzGzNPf4lteJASXrzAcrxCK4EnrEXZj4VC8ACTf0-HTe0dfJ-uxctMFnLHdKbloe_PaTnkPzc3KbnqWCIfgbwYGbbs&__tn__=%2AW&paipv=0#footer_action_list,91
https://mbasic.facebook.com/story.php?story_fbid=pfbid028dq1ezv8DYNnLXFDVG2nmuLdURjwPYR8rySHc6EnrxJx6wdJCkBAeyegi3fKjgwLl&id=100089759734466&eav=AfbtoNbzCsG8tJ5KhTUimbOIsNHdF7BOjjLflAYsuC3Wp8g92C2HwNdtYbHt2J2lddI&__xts__%5B0%5D=12.AboL6zDA6Vhf_ht0rADtu1OqbIo7-cxOhA_inHnen5wv801iruC2_82G7UE7hpR8ggbEkCFJhd58GIwhhmjbCCRYXFUos1po-WE6kfhh-OGwvpOpmue4eBtiDX-BRy3YnH5_dWhppkksmQHB_kgZICDVJkMEpdqWuxeXbJXercHf78TRRUvqRW2WEU4xfMx7Ja_YyqN-FqWpLH_vs5SzI8p7Gl9UmBRBn_6tNQAoLsqqojbSAmZoHlkkUzNyABS3aDYDQMKjtgJx1ncX9D_6algx6YDyXo-fI3xibRugvjFjEAQCcvBTHbIlQ4D_INfBUvxOEcqli5hFVIzj8TZe1zzD5qdEHuuljawBkbkjxtMiBPbqyVFWRORWelG6DYu2DsF2EcDu2qHUFctcoCqy6sN3ANDocbEydDnyeHrsuzpP6GRD37v_8Rg628TfqUb04zc92fvPPDd-kFElb6KZdNQ-p_5S4fBTG6rbPt9Fr6ZbFQwmWOO3RFiP7i4dCNnByftB6HsnI4SE161SUHWVsT3NvtSltGuW30b6VO20BEm5vstAR2KRyxeliD2JQDgL1b60NPuzz8jL1fH3YBGSbC-8DaqgBvaBdve6BvILQDnnCfMc4dJSQFOfOHksjYVw5AQ&__tn__=%2AW&paipv=0#footer_action_list,2
https://mbasic.facebook.com/story.php?story_fbid=815786520194967&id=1632714829&eav=Afau58rkBWN01VufGcuMG207ikbP4Cpi70-dy7WBHYK5s49PgF-7sNRlHlJ4Wxzc68U&__xts__%5B0%5D=12.AbrMORMmXiJ2Pg13ATSjyYNhMBaMmMzbevHTH_N34pouW_iU_4RZZMLsRKxOpP4sZ-eFduPXRoHZRnUUeDwWCeXpAEB1bYUFEuf1SLOxUOWjrLhirUS6GnS1wsAZziM7E3Up4rL3e6JcE2zpEggEEU39GC3zIi9pkiUdPXyaOgQUu6I_xeVSSHjmFPe-eflN7I1HC9e5R_qm9azzsb4I4jc7HI1pIrh4rANvCiEHenPeFb6Fma9crwYMULgz6pFBmtNA6aZNNb6m1n42tYv7p2nHKiK0t6vTdS3mzxEXgFm5c6rGAKT8sSO_jJiosUACfU2l7vDHjK3DNVjAycGtFOoJ3AeZsBZPRdEP6jRys8KM1JkqlR9Vh2l3fQdjJOwd0gHLziv1fvtq0XWWCCKsHoP2-lFelhU5ET69YjtXx_P9pg9PatHTe3FoTd1DldNOZWAmaL37sz0XV2h6D-5ovBCzjV3LmWwq5ndeCabQHK6jLHsUx-z2sHDbqcb6eV2Ymo3eZlsZtcLWNf_OQcWMfLDqRcm6X2a76mkxlkcTsMVn03UyzI34jbkdW31PoqW79n_ldqZN2MRn89auxkdzP6RmCk1Dq4UIaMDXj5IxnDIarzitieuoJQQii8ss92V1nh0nNQ1JmfnGQpZsLJ0bQK8S9-e8YBLsPXQZjKrm5yDKJA&__tn__=%2AW&paipv=0#footer_action_list,49
https://mbasic.facebook.com/groups/2349918941747572/permalink/9670415046364555/?__xts__%5B0%5D=12.AboDHiZuRcapyeHmcZzl8zxBXg10P4-qtE97Tt8nqZod95ahmbxjRJOSyKfUCUxu_jxLD1LYiNHgmQ4aykfgga0BilO7x3jUV10dupePBjkdq5N6SNwOqGxDmkhs0968uORngH72g3I03gl1bkX5gVyZMF5EMm_RtGu2obNmnBr7UxOLgaJNnGWY4zm2ZPsDJHmZqNJuWpQYQY7qOPuo4IhRNSWTzFrPY23TLdanfUr0w-7LWD0O9afpKld2Fj5J1J5kgiTjlYKHPLciNkVZiKlWhtpC7TURKtczbxxyY2LnCaly2IGUugYDteJ5z_LtokxInvWau7v74fzwu76ZtZ9nTqVa6un2QWpm4hc-HWI1ve7MmhJgNuyZR0Po0jxdgoQY1XowhJ-G3TrfT4T9Drmwgu-mlD0O606HA6mklkHVFKcHvX6WpjVDCrj68eVyf4zkMzE0czXDdHYWyGUuF5D539O0vZsG0TsKhnBZUbRTYvKUIHwbU2dWEod0LfvkdCJYajqUrG1G7Za_jxvKKj6PnkfLDhfnDt3c2_l7GjBQ_MmByvJd2ovxCX_1IaebddGGFcmk8HoaEFFctj7C7HP9ilubgfeJ3X4oYlU1I2ulYtT2iDKp3Or3TnwWKUVc0zU&__tn__=%2AW&paipv=0&eav=AfaopyKKdRHYK9uYKA1NLk3IoAf8t5lkDY4GwJT4vS2fT9xvrdxV96VhN_KAfS2NV0U#footer_action_list,3
https://mbasic.facebook.com/story.php?story_fbid=pfbid0Hp1Y6azwkkn8xTJCmZdUbG562JjWMPk2vW4ZkRGXMi8mQRW6RJhB69T5eB2fnJptl&id=100001419311903&eav=AfYrTKrtpZg0fIfO4wn4oXbLQuTz7EakOBex4H_qr6_YffUqS2hjAJqmiWfbTUdlUuA&__xts__%5B0%5D=12.AbpOax1MONy01BeeaByDaNcB0Ae8VMfAL2d1Vh6qpadEdovIRFjfl-ooWGpS_7Sun6jkx369y-7FBigfWcLrYkynXOm6U74rUQ6rzwoBCssWvvAg_PuWIm7P1T5Qd74cuWmgAMMk2Yzkh1y7amT1cQbcUChtvibtitGbhXiDZN3oA9HH0Z0sHWC9qx2ly9m1zNBmV85qf8K-cYYc_7OqbwosSvZAfcov6H1kevQdaHp8fuo5SwdT80GDobITzn-Jdb7L51sdjeEHS5ELP0GfptNqQ3f5UUW36Zd9_O03KIwB0lgvvJ3Dxe-PIhylLrIbuFS_3feg0c5fIMW52JxGwH5ueQ0R0Uqi8inUNQP1H58C5UJ6o-mJsd2Lmje_H_ldBpYgizM5btOBXpkSYjOjt44kLEH5MOoHkqT0aPgi-KtCJ2q9wd2x94ETc-jBKlYzJWd95rBU6ZYqdrRbIZtx9fuvfKj2rG815rH9y2NeuuIaBt6-ePFBQumkXmwjDhy8OQ9bLU_px1EfCwzByNw9izBuhLrnhJhpu-6tUTZf56gn44wF9pwK8eWJpwjO93q5ywCAQuer2e8TY8q3yBlXEIqyxc6eta3Qczd1z8s0yT35dtV9nIeJlkgZk3oTSRjg7Rk&__tn__=%2AW&paipv=0#footer_action_list,1
https://mbasic.facebook.com/story.php?story_fbid=pfbid031XZQ6htkC4rr3GPeFwmtyDxaisovwXZKyH84RhDcjFg4bivXyoi7CZNz42nESLosl&id=100063702289735&eav=AfbbrA7ML7hJfk8p7JUZeJVMHIqikKjC8282OXJzPTrp2m75d_N2DxP3P_u-JSMZ4xc&__xts__%5B0%5D=12.Abo45iH-4MqerivBoXAT3ZLuZoefwMFOwGo-mrBrFKBwy7H-W79bghXcKF_eThVxcrsYc1Sy3TgTdmmSYEFYOYLtXPouOhlW_fLWU8PT-TvjSsChmQxwpek3uzMwQy8gfNbb7SAe1pGr-cOmLDP1s0TpzHjUCXRPHsUOiQrGNuoR_MF24u4InYvnzcWp3Eu2lqVCEXkyGDCHvej8bBh3rx5ldDSa0zNu4K2UcWecPbNJEKyvN3z79kYFN_VhmCm5uVPrjyBRWKlNZY0VT7FYed_5f4WHrwLUmnEGWtV9LVMEvJy3uXSEvYQ5eg2v_HSbDlZeg40jeZlxW_3TalH49oymlJj4rW1OeVy8KpenDhsQX3kAf6fDyOBhi79aoUkGj9QhashZhPoHMbvZkg_RUQLiQifOMBDkaLoMullzYWpjBmtLV-OUBwJsa9lf5iu4kWk7FoFlwtY2f74jBxA_Ai4OXBzJftnpqjJbMLQydP7s2-Hx3UKo3MAQGnNvRpcXzOWyglZwAhyKzz2xsLgYzzBcoky_Rybl2DDR3eMfF7e5qxMoOrUZj1k-XGwksh0GYcA3NA-Ibssrb86xlLHMe7udupfX0IyIom10bGU49YF2PCjnO1uibuyIDbD9ea9tFwc-2ZF0HjqXCLsx8M6sW5YiJT5A1oMiJa48Zxr_6XfLuOCS4P2nfWFulffLpGafwHY&__tn__=%2AW&paipv=0#footer_action_list,"1,627"
https://mbasic.facebook.com/story.php?story_fbid=pfbid02kXvFPdJHjxXPY6364d6YRDhHP5URa3Rd4swNec6Z541wrsAdS3RRQzFaxV72XDerl&id=100038525311570&eav=AfbkwfDar3AKXqhpOd_ZOuklOW-O0M6x8iurLCWvZju7-0c4QPeBqesUjAHQ3STtr7Y&__xts__%5B0%5D=12.Abp47gi4UYL-D4SII49B_JnKhYHXgffTUTU-V9QUkEigrOBJf-koa-X5nUeN-Yl2XYLUNfcL5kyyBTUu-7XPOJ94Qv6fHeF_q9imKp2HROuyd3Il9DOUWuKhplDJYabXRYrBDC04LUN3JyaK5XkySpd6hWAKyxfDltiISO9eSo5ERobM_n0VK46EJik-GSf-mWRjOXqyFMCOSusTJDKvkA79P0RUTfAOTfafiIavSl4WzBMygfb9mypzjmcz_xLcDLiR6lmwPzmmepH0OMxxVx_00ttt6g3hsF2fIRgtkd4922F77thZXy9yHWBXL6T-woNaN4YcYVuwrI9OPpp0FK3XDJEQr8WzQbH-pOOLgxKlq1cLYIrEjxk8xWTEt1MEOLq539PV1oKLqYaS8flg1pRX978-XBOQ3_Avtk3N7GOmYmOLhmAF1ylmh_EHFBMgFJwHMO6NAdu5yDEyiw1K48cAasvfTdDGoaZg98hs1Fha362MXE_NrHlH_mTLoTN7upgvDMsU-6qIemNI0U1XKgZ-_pFkWBH5fMEZg8QFijeQmwt50sEUrCzlw9XTFPE2GkaxPmu9WMD499IcCCOi2-CwSOLAiCiMkw8QGeInYy0BXfVPQ1ki4i8A3sgj-dFwUkQ&__tn__=%2AW&paipv=0#footer_action_list,7
https://mbasic.facebook.com/groups/gamekhonghay/permalink/6444725788979377/?__xts__%5B0%5D=12.AbpLv_GBOCAW8HdNpuUPuwn2YOj3HrF1UvRjdVWMvUxuRxv3qeORd0o_7zQxIVCAc1za9IQ4wSayzvvJOqPWQklX-qf7SM_uNmSoIqmQzgkFjnklJfq84XdlctaWoqTXPNDLu-TnaO6Zqb1HCjF4p_owYxf84SbnSggrlazrKlGITxb0sIeD8VcJSuftFX3Bstte581cX-MPGBTnEVjSlR4aEnyOM7nxTfsgPmMSJ_xFw0P4TTi3p7vqFbu58n8DnrCHPBdAYemqhx3_7hfNI9IDL4je-CLAdzv-GIBpTbbCuVlHMFWLQn9yxNmYsRtuGvP_7L4sZSo-_Ll8Wwg0-nHwWRwfnXjnU0EQur6SoQFgNYxor78ogFUnfW6SdYJWXxpzexxx_TJZb3Vu3Kuc3B1g7mJmP8eu6tu6cPDDaEnMo72rw7Mi1pJJPKB3dCUR6FzeVXA5IFl1W3mkouSay0SXSGe45_4spx55yDwOiN9DXf4QsVaNxoVcnm-6I-hqJcWo_XatYLaLUOAsKW8yoQ9fky-73QTnp_NKAQ5JjFzStSo3vJb60S64VZbAztQYutVUMHamb-m_H7XzFmcrb5ojQoR5YyN5ryIRUCytB35m918-YBFSL6FAeQ6rrpPyNAY&__tn__=%2AW&paipv=0&eav=AfZdJAEvohg62PY6HMewJWQTANRhZsXMjLafiuacwmxTrJeym36HSUFUpd5q44tgcck#footer_action_list,183
https://mbasic.facebook.com/story.php?story_fbid=pfbid02kbJcFuhJXGbej14LA8vUTSs9VPuos2ftnRXvUJ6bhQCirFC6sAkGgKw34tzsYPKwl&id=100067224210308&eav=AfZnz4kZfM6MMwSROADJYsohIqXgXISQ1arYUIgpJDYzAQ8DcK4Fb5pKWkVONk0CDC4&__xts__%5B0%5D=12.Abrp_3FA7F1hOk38MDFWcJez0TixiQMMBaL7nM1wqkdiF5Rx1RP7qbzUVaS5Ex1Jyq0wPT7rGxvdVcla-6BsjYaFzVZzjJagkVUsSajNMf9W_PH8fZ7eCe9vVqqHli8l0TRN4t5yeGuwJRnSGUK7iGmKXWeOsgKg3_t84KpKrRtJyAOJF9Rk7SrX-g6ZXuRpxG2eCwv9PLl8iqRJj6sZBIAJihfnnDdb3XZqxYRl-6svvgvSHbF-_9bvtWfw2zPG6tUsGX_81Xar7P7WUDT0aaNfARJNLPmCc5mU05xl4iDyRK_3f6Fb18gKZ_goCcVJN7WbBDE4xqazwmjrgrejkqEKPN3yPoosNfyhXZ81NwdIKnzEM6Egf22YV-zeZKS7m-28xdbYWk5YNbF27o0KrOIvy0I3F6ouwRXaF5oA3PccPqEnHU8_aJpcxNNxKbtaPp5Bms4X5BHrDYpnjny7Y8Gt5zOtT1gZVHY0VndOjvsMcoVaiEG4iBAFZ0HrJwN2hhzFBZE7Ing_Muw9u47v-CPJ_WFMOo91hrRwkq9MG2rPhCpknEksztVTXrU94kLvLIhPy6LOmyDMZZUhh9939BS66-11PfQFF5x9fN0EvKwppouiiy71C_pYV5yv5BjBQGg&__tn__=%2AW&paipv=0#footer_action_list,"12,921"
https://mbasic.facebook.com/story.php?story_fbid=pfbid02RvvWiWA5Hm8b71L7s26aKwwNuVjjWzvD6kxVAMBzUTmMLUsXPbsv4ipSDqKcHDrql&id=100064329180335&eav=AfZJ2_opOE6510u7ue6hIeW1id2K06Vm0DHss-RqEdYZFs9imKsEcqOOUS0qGRw77ig&__xts__%5B0%5D=12.Abq2ydthPs6sOo3jJcGjB4QqfasGwp1vNV6nIhOsxvgwg5jZtvuLj5FWJ_kkT6u7HQzzae4y7KcE3OwoIVstmo1SgZmBEsIxh0DEBjQnY0mJjoTfuQJfPpOSNEVF8mR3fBHJl2qG0dZ4lu1F8vij2xt-8jBJS1vPZRnLbSxQLbD35dLvGn8s_rpJOlEuXYep-VLZgIBIxmYmKhWK3sEXXBne7HFo7zfTkZyv4-5h3RTbkhfV1OCJxo10HsItdPvoUreFSg-oi454rVYhbmgEq5G5OuSWtUmi7MMFbNu5zNhIL4aukQp3FDiaGcAStbqBatNvE2OfRiFG8exhuXn6VCFRlvnqG59JE60XmY3kQn9WRq8hy5e7t_cXlFDJwRGgtcRZg4Q5UXyfy80mQjjkh_O-cnG1ZO0QETOrkxTYyN5JUfPmeLtHP_yp2q0aE0BY9nTCaQ7rVjfqMP6Tr943wSbiiL8ywGL6Q__wtWPRR4RtI4FQ9LlNHt05uF3tY6SxaGiRR6ZlXmbStKhL9jeA3E0KlhKEQ0Ka0FW7_zRe7UXpfCJKfHvH-cNdcqWmFXQmGBJTrU3JPIs2x7KkrLcrYSYQCgNe5eMyqQVwEbsUUQINuS8AEpJbQtIKD_QKgyF1hud7mIYldB2X-mah7nTHbGuBxKk6YzmCfn6DwcOIzi1nMDD76t1ScD4XI4_JaX8gO0U&__tn__=%2AW&paipv=0#footer_action_list,1
https://mbasic.facebook.com/story.php?story_fbid=pfbid02qfBvpXKvc6xPwyMSwt32s55xVAS2ksEGxde26tVuaLoKqdVhDDUzEseh9aySzSqyl&id=100046729341310&eav=AfY_mcLPSEshOlyR7_wp8NfPLPCxa2sKRBP2V04G3tEPw5LGRYQLmVEzaJi1wnVq_b8&__xts__%5B0%5D=12.AboHn5v4W4FZ-mpA0FeoSGE0TAF2LevfCo7n9-GA9PMQ6PdXo7hX_b_De8lcpCoeVmiNF-xc3Ow52nx0kA38CW479PCyiNOpBvoyfHakOTlcY2TncVTZyZZCOeUHRQHhJyWR8eU-2zwS7RDBDgL1R_b46PXTwUI3q26uwbDc9ivvfG66N93YHxMwHZBznL5cvq9gzJX-GrK6ZVeMDMI3Do7YAFgb6FNUJzsvxOPZpfQQhkOEJi6VaTRoVEDUHilkLvEVnnrTdyEjE3Ds5I48Hs6aj6u24ZPbiTihFAPVy_no0aQisldsI3-tSnGmhEvfPaJmN-rU91oceg-8qqkrTi1f9UR0gieAFJ9P35kUbDGXOwtm5ucuBbZZl5DMOAygF20H9CG6Zts1piRdxwuKtrFsjivzVam6_JkjnO4pCXyKyBCs5wCWp4p1YJQHljrXI_VhzE0Wuu02NQ1c-2sksRNe2T_ZncXNV2bP6ia3PzrFTqrzUH_K2ooFJ-efX1ospNYtRtpYDZ48wwTPFlP2Lm12VU8typQyug8cOBcdlyDiwn7cfqCKQ0gNqaIcU12Dg1oJZJLMRdENuO3HVtVRrgcfpicfDQu0lmvdccB6yZKu4veyux5pfEHrvjpSTOFLY04&__tn__=%2AW&paipv=0#footer_action_list,580
https://mbasic.facebook.com/groups/488994701899786/permalink/1469169343882312/?__xts__%5B0%5D=12.AboRewobdphSJ994sY7U-nPxXnlcIT4xTib8iqojzNgZjqGGj_fCvHKUQImUhRp2CpVjY0p1bRNXhZSvMzx5onJVCYR0hme8-9yvTPiFi5AbmnZqb0475O1bj4m0NDKKU5eZ2kjkSl0A9MHcWMjoJGxLajz9HIIlOb9vbqTuGOWOfKun3WXhCBK2V59wMZzfMnzaC2FBO5puy54KkEx_S2GYmrNBtd6qXlcdduWEePZIsdbMdHVea10vY6ZOyRgCC1B2bkGtx0J4MqKL-Dz3QPviapnsJ2DJ-VE8OOCjx4Oc3h_l7pywliqaMMGuxn3G0yvCwvhjnLDNgrAkqHgRS5fbOMIuQzAWKsIC0hMzpwNNtnXcBGPALKVEon719LNsTcXwbfjCnZujoIP1mo5YavpvsEf5WiFQIMsXrfEoL-Ca-HDcXJhVWwhZG7KqnhsIb4Q32O-hM8C0ofl1MlF7VcE-yhLs40xMMTw62xlrxjnk4Zcl700avdtmEl_PxotfcgyKXRQBuTepanbCtLPNPGh4e4LJeRFROMotKhWK5i0AJHhFXZJN0JI0aiK--EbSNlkD7mMDKt4MJ4eCNwmqqeA45YN35bdLfcp19RbNQ4NNdXfdVZTNUxCG1pH9mjlyzps&__tn__=%2AW&paipv=0&eav=AfaMh8tzQeBxeMoyZcjElt4B1BZ4DbzFnntCJV1qWwcHddYgHlw3leKPvKxKv79XTE4#footer_action_list,6
https://mbasic.facebook.com/story.php?story_fbid=pfbid0wHwse8Pmig4XTF558jexNkH4JskR8vqGdsNeZFCJJF62S11P1B9p5N5QcKJyb2MGl&id=100077671544578&eav=AfYpH2mdcQMTE1c8nDJd5NXLnBCZE9FwkBqCllqRgXeDICIyO5QyNjOpuH5de7U95Yk&__xts__%5B0%5D=12.AbqFHZRy3XvoG1ZXQLXAmeI0NT5yg-jA01BPAZLjh0sEjXD5cNVCoJOle4XgaVoKFZNxVE8h7Bs2qK_ZsAHimGWjVKCp_7dbSVsAdJ9KH4NGmNhnI8jc1cQzZxMMXVg5LD5fa1d2rZP9R5o3Bzr-bt-Jn4YOb7td8CU92nrcwwUNkdG0vd4kfX_B_xFp5XBsDYx9mC5mafaFeZo7dFrAet0CWDzIJTId8Gk7DN0VA4RNCBsgEl83gjY3dGNxEYmcyJ0psRKP-DOToo-Gti4K3VMGzy-Csv92fs_tbTLTbviwTzE63rmSD9aDsAGf5QYxxUdCMridd7bZfAo_xzjzeG8XVdO38zGvNqq8XVH5YYTHvO_BsnDw0uXGGpEj3To0-SNHElWeF6gYgpT2ZCtU_ewAYpO3Ph47DJMfGV49BCN8aIQnN_XUaWN6xKD9_kw28XH20ON7N7mFhHqopn0qaozgxZRp_e2O50sGrS7cYRc_hF1ICIfPDYHIF2avs1o_CEmubRjY0RBiE0-XfUvpWTYCEre9So6rnmp4jhTk3BbNKjaHnTDnbO8uBfi6jQNjEBXm8N2zeH9aj3YyFJLlWjsJUqdLELX9aMa4RLAiCD0v7AW6pHXfKqSWbe0dl0ILPl0&__tn__=%2AW&paipv=0#footer_action_list,419
https://mbasic.facebook.com/story.php?story_fbid=pfbid02PVPPAcP4HWQzg7bsFkUKUDbmNWgZ7YPJ8J7QsgP3ehtEUykcQNL4w7xkZnW2Dvgbl&id=100003154584779&eav=AfYDut7by4tTEJ0r4GlcwjQcAWvlv2HgQXfly7KnfS37V0kcDFge5_k4konCpSdoV8M&__xts__%5B0%5D=12.Abq23xWFiaKL7rU1tfKiOe6-ra9e9yU0cidCAI-l3mDleyghxHlK4oDE3KoxOsmwbnL9V1Njfe1XaLDE6xsUCfnY9nOx3dwJ9v5k1aE-6lWKHLSYMKRCguRsBFlgK68gM1BdVREOZQzpS9QTuDJEgv09KZspcuj8QEhS1u1ZDFEBigFvuyBI9KQdkJJnS9FfpHSSHm3G8LQVtZe7VAirysN8nSaFm9hO00Z-MawiW2jNpqX6yko-joC9pkcQRoyTYkPCDkEQVXhFRnEzrU_GA7FZFsKvLRin0e1YDKBvdO5h5RolXxhxw8I4NFKwxCLGlJFUdsvGIjsgpjg3jbgUG8gl8Ev_OWC29FrUNg3_dU1-3koaOVilVd2d1CtadvoJHLNZ1kLMTMEyVBOi2wM_-I2T9Ua14JR67QAzKBsTjXuVZ9W3580IKwEB6Ou1YpAzxgpOfzBuqdA1RxUCqpS84t3wBLLkv3h2o-ltxn88P7U8oyplhovvgsq45rFoGj52qzqsIa2-OgziNSvnIj-pk63nO988WCqTtfv0u_2wHACOqknzFIX8hYj4fes6wuM89aMdJfB1_25vssxfAqpGSf3YMlI61dMfpQr-O9dVjqFPM5_J5N7IZJLGag6gErgs1XY&__tn__=%2AW&paipv=0#footer_action_list,29
https://mbasic.facebook.com/story.php?story_fbid=pfbid0kjPRVN5tVd6Ky89T26zmkrN8joYAXh4vtohDtbjaf6ZWiEQuxrUZ1ifZCC63noJal&id=100004986887054&eav=AfZ6rGbs37ffswcipERX3HXnpQHf6uGutVvZs8zlrS3EnCoujpk5o4rV950IZfVCXVo&__xts__%5B0%5D=12.AbprTqUbsdCocQdcTgUZgjQy7Pn8WKGIU6VWODTDL2dy7r2wd-rKCT9s0nzzAFtbZmX4Qusxe2dOpgYBqQ0uLgwtcupZr3dFP1_MJFk1AHjVgnOj4HVrx25A1hJXvjZKQ3RtHb9yh6qgH8uBKUzaJweOH9MGkZaJvLEtZjSmB93otG0geSysYSzzPimEDPerOCg7RziLfKFSWmkVj7OFK8hHMHjqPwy_DB6fGWZdyeWHxMmrQLJ3Sk6nbgzcG8ztISewjGCStFNrJOFuOiBSn4rH_NtZ9jgv3vi8dwKRm5ScUjTQfakC1PGxDIBXSr1XA1iVIOVy53iQsduMDWKnYfDZQvDhHzWFWq3ge2RMFEr33BMeLx9igAOzRAek6XCT_hQzg2zitufHJz1Ad5rzdEj5SmC084B0c3fVPYkTUWsF-k9T4oE2wTodHKTypWMdeVdZ1JzIgQSDmXuRgun843_q-a7I1gT33fRQO-UzNMcNljW0RSC_AaCWAobUj_SgI8M3f0EL8uIMQYBJlNKaZxZ_uqFNazls8NwpFtb7X4bHDMDzehtaD-sYFt2jC--_eGEhMcpqcia1XmCbFeWntFt3BBfWM1LgwjFy3UVtX2RvM6NPp_HS7WTuT6lDtyLH508z9XzwYg-sXhW-5At4_Adq1YbVLkCW5H6a64uvH7ITWFYDv832GnZ4KHEO_uRwFRo&__tn__=%2AW&paipv=0#footer_action_list,14
https://mbasic.facebook.com/groups/256295503012554/permalink/684157630226337/?__xts__%5B0%5D=12.Abo9EMrHK94j7G_yRRMXF-QE-34lSbxHjmsR2LoUpercbiKi0IscjE6HHeCReGnqPM7NsQClh2-qFSNjDO1QTnvT5ehVojiKWcgz9NgczrAk3zKF40xN6L2_A6trITmZui_HqqK45yq5JTZYVuOr2se9GY1aknm3IYhYwKKZq6hVD41DZUQHUA6-TNe2OWVqO1r0vOVue52ICR3tf7vHwfYOusbiNyUccQBwbIJeM88y3HvBdkzc1y5u7CH8DgSY9jxlziSH86s-t0yvDbzCZ71v5B5LRE0UMtzNwTTlmKKTWlxiUpqGDlQyGTbjj4wFmNTRNN6rbyCitWLinrjjVpS377v04GeqxuNKbI2LtkbaBphLQCRQva4W50M7Y063aPgPFX0FDagxZLMbVgLnX3afgAWXgl8cruo-mU9O3OUFIeN6gkwKUdoByzJMrOs5cy6pm-AV_vVnlut82Cq7fw8Y9pftOXcjV5JEkqm0XJijg1dWJj6izCY06PT6MF_Fociw70Vl91QNM_xV6u-QkQ8OJ78dqNfytfKTzvPPX8f-EJccuUpAK6j-8-Lsz4pY471f-xjdtk3nCKDJMxB4d5AZpdpn4bZ7-Qt9nn4fNia4UTDsrQqY55pTO1lJYwtr8hw&__tn__=%2AW&paipv=0&eav=AfYHYIE4JGF7GoHFvm16Jnto7D2l2fXmUFlkOVONCbYCe_WTrsYS7xLJNsExupxsf3o#footer_action_list,8
https://mbasic.facebook.com/story.php?story_fbid=1253204182065635&id=100006493390001&eav=AfZS8J0qUW6ngQwTloBTlE3njLE6s26kUYd3Mb51C0-HAF2M27q-gl49rMCLo3m-r4o&__xts__%5B0%5D=12.AbryrJb5UA9NtUpMGWlOazUOy-cbWGU-GM-3dTjzxltd5hKrkK5jiTbEpzGuDwTc6Cc_gq_jxMVP_03H33Fzpf-9WW55AzRO9RnRrR0DTEDItdckgFREnUgq-IuA8iA7BfhunqFFaF9_RBeKaJVyz4MCxd29GlmZi53qXOCdVIJKwQFAKa0Sh6J2IDBi9ZPMc54aIE9LhDlbPRaabMZl0R1LJ7rMsMQF48dtwPKRkjuxUQyntoGPIjOyotOf5lhYBc1W2zZuIlBPR5mZ7vWfyG10p7IFsGtbiM51lxHozz3e1Ba-RVoMxPzf5-XpI0b_ZVUAVh83l-hb7MV7oTi8-Dy8DH5M-iFW1L6VGLA-vgVsEn00otoGImKrluoSMVAoah_ag_a0ocROqbEG-w4ov52o4ooVVpMU7tDSDSUk2NqFXBqCEUuiEJ6-6kwHCi599Am7xHbZaiolR2yNHHibuOPWN2m6HcuDe_Qwiiy6QpzcFUQmbMcruzE3bD72C7GV5gX4NKPVeJTrBYG6BJ41chihMasWUE9PPxZ9UAxjjoEsb0xk14GVeibqNrbJBWo7tKK44lzzmtSoLx4H_hmFmy4PfB6kTPHWamkNGciO68ElZa3E15M98b68vHRhvHNoJFU&__tn__=%2AW&paipv=0#footer_action_list,29
https://mbasic.facebook.com/groups/cudanoceanparkgialam/permalink/3650846075185440/?__xts__%5B0%5D=12.AbpMwFq3Kf0dLXUPkbHn-dMl_I9raK4b7hDfizhQ-CDANIDtk-wB_2Wr8aNjpL4E55_cVim7U7_XzbmvbHiO7mkBZ6FhHsv-rjKI0Xep0vmAxOibgHTrrg5-tMEIN-J8so-o5MRF0hdzn_F3TQd-vF9uNKcC6nqPp1Drv49oHHUKHfUcdjBenbmHJRutoIOYS7yvfoaD-8Q2eTcD4Jcww7dWA5R37yeuT981AUwfA7g338TDD0rwM89vRWcpTGYnJ0y-Y0n8Uy7XoBCM5L_h_W7X0V7VIr9b6d15l2SRu8YYRWADJB4eMJjpIAEI52kE-2r8Cee9PFwmQInb95e1r9znEtBEvX7TqC2GadUjtRPX05aqwdDZGEIMtFyb4FiWmIbBZEM-i72oGDHeYfWxX7lNTXdmH2AJFTZ_t9DKFCeAHAS4jjaAHWgof6OQQdF0uCpYnFc-3TQu8Q8GP1SyupbGlv2IW_whFYMiI6nFOLAZXtZEu4PGtFMw82PO81E7fNJCpGYoDv4TYxahNM5wR9eeoQvrJhnun0wu3LQBfuDHaBrVdqTw3GPqU3siN9L4fhxsxpqZPfgE0aEkKogUycaeXLiFMJtRs1L8Gn86KS9GK-7hHxFDmup5K13H9avf97s&__tn__=%2AW&paipv=0&eav=AfaJrHgBD2fZGDDKeucnj64NPii05-x5Nnb71GoJpVqViEsx_dbV10ZSRqCsU8KKMYE#footer_action_list,6
https://mbasic.facebook.com/story.php?story_fbid=pfbid0hjk3PtR8Yiiwi7Pb3kLKeVhUhhivMUSzTAbgyoYAoj3wdtbk8PA6jyPhTXXX7xFKl&id=100044106323019&eav=AfbxRn9FI4sJ2mmvAOeITyGImugwmf18gWgSoR0BQK6SYKCYzhR1nG_oHSP_RWI9CCQ&__xts__%5B0%5D=12.Abq2HJyqasIbXAs_i1UWVbiWvBm18ohQd0aOe4uAFphqaHrVG0Qfc2jtvMN29N7Vei5iAADLbPGO8GGqTdspoPFXAEuh3YT8_WaMa0P0gojIAGSIDjmpkC75wjGHvcEmfTWqDfAYEwyKWSuJzQTvKnBOrn9ZW3TGsNU6RrwsqePqTkdyd8Qg777omjGNek8_1YjyyfkIGRn0NQiHK4V_unl3aaH-nsf1hQFqN4_zwArIg2oZoUOPe4b7egh0jT4G8I4TgRiaglNW7X3zhYkqOdG6smukWEy6atqICVR7wVo8JlVR9ZOpiAn5ugyjhhXXHXqFtvH8n2ABOB5JRYpBuod328MScNsDRmdQMcG6Tq5zj6wKKm7GWWepRNelaposL5eFk3F5-k3wxBfl2MP2ljXWUPM8A8eKmXSQ_kdhZMC_bvojjLKLMYnM7UuYLeyeW__7a3PTQHBrCzSWCVcPEcMNvu8x8egT0c15Oami7RZlnRKnmzZThp5FrCwUrnevrWKcSNcuQXHXAIQi2JYiiexISbYsAUi7SaO60GDAlEmhFWtaL3NxKyx7Zu9CDtikrQkSoQuLzfCHenL99WUChuTjgqDAaUguKpNX63W0BprdZmnfmLzuS1PDV_ERhQucqO4&__tn__=%2AW&paipv=0#footer_action_list,"6,186"
